Departure,Return,Departure station id,Departure station name,Return station id,Return station name,Covered distance (m),Duration (sec.)
2021-05-31T23:57:25,2021-06-01T00:05:46,094,Laajalahden aukio,100,Teljäntie,2043,500
2021-05-31T23:56:59,2021-06-01T00:07:14,082,Töölöntulli,113,Pasilan asema,1870,611
2021-05-31T23:56:44,2021-06-01T00:03:26,123,Näkinsilta,121,Vilhonvuorenkatu,1025,399
2021-05-31T23:56:23,2021-06-01T00:29:58,004,Viiskulma,065,Hernesaarenranta,4318,2009
2021-05-31T23:56:11,2021-06-01T00:02:02,004,Viiskulma,065,Hernesaarenranta,1400,350
2021-05-31T23:54:48,2021-06-01T00:00:57,292,Koskelan varikko,133,Paavalinpuisto,1713,366
2021-05-31T23:54:11,2021-06-01T00:17:11,034,Kansallismuseo,081,Stenbäckinkatu,2550,1377
2021-05-31T23:53:04,2021-06-01T00:14:52,240,Viikin normaalikoulu,281,Puotila (M),5366,1304
2021-05-31T23:52:03,2021-06-01T00:15:16,116,Linnanmäki,117,Brahen puistikko,3344,1393
2021-05-31T23:50:19,2021-06-01T00:05:58,116,Linnanmäki,145,Pohjolankatu,3248,935
2021-05-31T23:50:05,2021-06-01T00:01:22,147,Käpylän asema,232,Oulunkylän asema,1633,672
2021-05-31T23:50:00,2021-05-31T23:55:48,069,Kalevankatu,062,Välimerenkatu,1131,345
2021-05-31T23:49:59,2021-05-31T23:59:49,147,Käpylän asema,232,Oulunkylän asema,1695,589
2021-05-31T23:49:59,2021-05-31T23:55:38,069,Kalevankatu,062,Välimerenkatu,1125,336
2021-05-31T23:49:36,2021-06-01T00:40:20,547,Jämeräntaival,547,Jämeräntaival,1227,3040
2021-05-31T23:49:18,2021-06-01T00:05:09,201,Länsisatamankuja,041,Ympyrätalo,4245,948
2021-05-31T23:48:53,2021-06-01T00:03:49,030,Itämerentori,050,Melkonkuja,2656,892
2021-05-31T23:48:44,2021-05-31T23:56:06,235,Katariina Saksilaisen katu,239,Viikin tiedepuisto,2107,437
2021-05-31T23:47:49,2021-05-31T23:51:11,727,Ratsutori,713,Upseerinkatu,549,198
2021-05-31T23:46:14,2021-05-31T23:55:58,137,Arabian kauppakeskus,044,Sörnäinen (M),1970,582
2021-05-31T23:46:13,2021-05-31T23:55:22,137,Arabian kauppakeskus,118,Fleminginkatu,1952,544
2021-05-31T23:45:26,2021-06-01T00:12:04,264,Eränkävijäntori,267,Roihupelto,3134,1597
2021-05-31T23:45:15,2021-05-31T23:51:54,049,Annankatu,162,Leppäsuonaukio,1186,394
2021-05-31T23:45:09,2021-05-31T23:49:23,063,Jätkäsaarenlaituri,068,Albertinkatu,1841,249
2021-05-31T23:44:27,2021-05-31T23:49:46,727,Ratsutori,711,Kirjurinkuja,974,314
2021-05-31T23:43:10,2021-05-31T23:47:44,625,Suomenlahdentie,611,Matinkartanontie,1064,273
2021-05-31T23:43:07,2021-05-31T23:46:12,060,Kaapelitehdas,059,Salmisaarenranta,741,184
2021-05-31T23:43:05,2021-05-31T23:56:16,090,Paciuksenkaari,072,Eteläinen Hesperiankatu,2779,787
2021-05-31T23:41:33,2021-06-01T00:06:01,030,Itämerentori,019,Rautatientori / itä,2964,1464
2021-05-31T23:40:50,2021-05-31T23:43:16,004,Viiskulma,003,Kapteeninpuistikko,565,145
2021-05-31T23:40:48,2021-05-31T23:55:06,703,Elfvik,725,Rummunlyöjänkatu,2787,853
2021-05-31T23:39:12,2021-05-31T23:45:44,043,Karhupuisto,115,Venttiilikuja,1491,390
2021-05-31T23:38:39,2021-05-31T23:43:38,030,Itämerentori,201,Länsisatamankuja,904,294
2021-05-31T23:38:24,2021-05-31T23:42:45,094,Laajalahden aukio,090,Paciuksenkaari,898,255
2021-05-31T23:37:28,2021-05-31T23:47:30,009,Erottajan aukio,061,Länsisatamankatu,2496,600
2021-05-31T23:37:25,2021-05-31T23:48:25,096,Huopalahdentie,099,Muusantori,2361,660
2021-05-31T23:37:17,2021-05-31T23:44:09,117,Brahen puistikko,041,Ympyrätalo,1186,408
2021-05-31T23:36:00,2021-05-31T23:54:08,078,Messeniuksenkatu,402,Bermudankuja,3924,1083
2021-05-31T23:34:09,2021-05-31T23:44:32,022,Rautatientori / länsi,043,Karhupuisto,2007,619
2021-05-31T23:34:08,2021-05-31T23:35:13,016,Liisanpuistikko,016,Liisanpuistikko,0,61
2021-05-31T23:33:58,2021-05-31T23:49:52,001,Kaivopuisto,057,Lauttasaaren ostoskeskus,4515,954
2021-05-31T23:33:29,2021-05-31T23:54:13,547,Jämeräntaival,547,Jämeräntaival,1872,1239
2021-05-31T23:32:38,2021-06-01T08:41:05,021,Töölönlahdenkatu,034,Kansallismuseo,551,242
2021-05-31T23:31:27,2021-05-31T23:57:24,315,Vuosaaren liikuntapuisto,272,Marjaniementie,5495,1553
2021-05-31T23:31:10,2021-05-31T23:35:18,555,Kalevalantie,557,Louhentori,618,244
2021-05-31T23:30:45,2021-06-01T15:45:49,573,Urheilupuisto (M),511,Sateentie,2834,58499
2021-05-31T23:30:19,2021-05-31T23:34:35,031,Marian sairaala,063,Jätkäsaarenlaituri,967,243
2021-05-31T23:30:06,2021-05-31T23:49:17,547,Jämeräntaival,547,Jämeräntaival,739,1146
2021-05-31T23:29:30,2021-05-31T23:49:01,041,Ympyrätalo,028,Lastenlehto,2717,1166
2021-05-31T23:28:16,2021-05-31T23:31:00,082,Töölöntulli,084,Paciuksenkatu,665,159
2021-05-31T23:27:33,2021-05-31T23:30:47,070,Sammonpuistikko,031,Marian sairaala,724,193
2021-05-31T23:27:20,2021-05-31T23:53:07,205,Ilmalan asema,034,Kansallismuseo,4284,1542
2021-05-31T23:27:13,2021-05-31T23:38:48,579,Niittymaa,651,Suurpellonaukio,2979,691
2021-05-31T23:26:32,2021-05-31T23:30:21,006,Hietalahdentori,030,Itämerentori,1039,224
2021-05-31T23:23:34,2021-05-31T23:49:44,042,Haapaniemenkatu,147,Käpylän asema,4712,1564
2021-05-31T23:23:31,2021-05-31T23:49:39,042,Haapaniemenkatu,147,Käpylän asema,4903,1567
2021-05-31T23:23:27,2021-05-31T23:33:02,711,Kirjurinkuja,727,Ratsutori,1325,569
2021-05-31T23:23:22,2021-05-31T23:31:24,046,Diakoniapuisto,077,Nordenskiöldinaukio,1670,477
2021-05-31T23:23:00,2021-05-31T23:30:36,020,Kaisaniemenpuisto,043,Karhupuisto,1742,455
2021-05-31T23:22:28,2021-05-31T23:44:19,517,Länsituuli,143,Kuikkarinne,5711,1306
2021-05-31T23:22:09,2021-05-31T23:43:09,068,Albertinkatu,095,Munkkiniemen aukio,5405,1256
2021-05-31T23:21:02,2021-05-31T23:25:15,579,Niittymaa,581,Niittykumpu (M),688,248
2021-05-31T23:21:01,2021-05-31T23:24:52,519,Tapionaukio,511,Sateentie,918,231
2021-05-31T23:20:51,2021-05-31T23:25:48,547,Jämeräntaival,533,Tekniikantie,1128,295
2021-05-31T23:19:56,2021-05-31T23:26:59,529,Keilaniemi (M),547,Jämeräntaival,1733,418
2021-05-31T23:19:02,2021-05-31T23:23:23,033,Kauppakorkeakoulu,063,Jätkäsaarenlaituri,1197,257
2021-05-31T23:17:52,2021-05-31T23:33:38,031,Marian sairaala,016,Liisanpuistikko,3050,941
2021-05-31T23:17:45,2021-05-31T23:24:15,030,Itämerentori,402,Bermudankuja,1378,386
2021-05-31T23:16:59,2021-05-31T23:42:33,711,Kirjurinkuja,565,Mankkaanaukio,5827,1527
2021-05-31T23:16:15,2021-05-31T23:18:23,737,Muurarinkuja,731,Leppävaarankäytävä,396,123
2021-05-31T23:15:47,2021-05-31T23:26:07,122,Lintulahdenkatu,245,Kulosaari (M),2903,618
2021-05-31T23:15:17,2021-05-31T23:27:36,040,Hakaniemi (M),068,Albertinkatu,2693,733
2021-05-31T23:15:11,2021-05-31T23:25:06,041,Ympyrätalo,032,Eläinmuseo,1866,591
2021-05-31T23:14:24,2021-05-31T23:21:04,027,Eerikinkatu,063,Jätkäsaarenlaituri,1037,395
2021-05-31T23:14:12,2021-05-31T23:19:43,119,Gebhardinaukio,045,Brahen kenttä,833,332
2021-05-31T23:14:11,2021-05-31T23:23:28,503,Keilalahti,513,Hakalehto,2532,556
2021-05-31T23:13:52,2021-05-31T23:23:20,579,Niittymaa,629,Piispanportti,2554,567
2021-05-31T23:13:41,2021-05-31T23:26:38,725,Rummunlyöjänkatu,703,Elfvik,12,772
2021-05-31T23:13:34,2021-05-31T23:17:20,751,Vallipolku,749,Vallikatu,643,221
2021-05-31T23:13:15,2021-05-31T23:21:54,072,Eteläinen Hesperiankatu,078,Messeniuksenkatu,1490,515
2021-05-31T23:11:06,2021-05-31T23:31:03,028,Lastenlehto,079,Uimastadion,3405,1196
2021-05-31T23:10:39,2021-05-31T23:19:57,030,Itämerentori,027,Eerikinkatu,1455,558
2021-05-31T23:10:17,2021-05-31T23:21:34,900,Orionintie,555,Kalevalantie,2450,672
2021-05-31T23:10:10,2021-05-31T23:23:26,073,Kesäkatu,118,Fleminginkatu,2789,792
2021-05-31T23:10:01,2021-05-31T23:20:34,030,Itämerentori,027,Eerikinkatu,1429,629
2021-05-31T23:09:57,2021-05-31T23:19:22,553,Metsänneidonpolku,547,Jämeräntaival,2200,564
2021-05-31T23:09:26,2021-05-31T23:22:29,013,Merisotilaantori,021,Töölönlahdenkatu,2922,779
2021-05-31T23:09:15,2021-05-31T23:33:36,294,Postipuisto,037,Töölönkatu,6450,1457
2021-05-31T23:09:04,2021-05-31T23:20:30,040,Hakaniemi (M),013,Merisotilaantori,2668,681
2021-05-31T23:08:41,2021-05-31T23:26:16,239,Viikin tiedepuisto,141,Intiankatu,4399,1054
2021-05-31T23:08:39,2021-05-31T23:15:10,007,Designmuseo,017,Varsapuistikko,1274,391
2021-05-31T23:08:29,2021-05-31T23:15:17,731,Leppävaarankäytävä,707,Majurinkulma,1433,401
2021-05-31T23:07:58,2021-05-31T23:33:33,006,Hietalahdentori,054,Gyldenintie,4422,1532
2021-05-31T23:07:55,2021-05-31T23:08:18,294,Postipuisto,294,Postipuisto,0,21
2021-05-31T23:06:34,2021-05-31T23:17:12,026,Kamppi (M),046,Diakoniapuisto,3272,636
2021-05-31T23:06:33,2021-05-31T23:24:26,115,Venttiilikuja,116,Linnanmäki,4351,1070
2021-05-31T23:06:02,2021-05-31T23:19:28,900,Orionintie,625,Suomenlahdentie,4135,802
2021-05-31T23:05:53,2021-05-31T23:13:39,625,Suomenlahdentie,603,Matinlahdenranta,1774,461
2021-05-31T23:05:38,2021-05-31T23:10:48,711,Kirjurinkuja,719,Säteri,1210,305
2021-05-31T23:05:38,2021-05-31T23:08:15,609,Sepetlahdentie,607,Nuottaniementie,665,152
2021-05-31T23:05:22,2021-05-31T23:12:55,239,Viikin tiedepuisto,240,Viikin normaalikoulu,1403,452
2021-05-31T23:05:10,2021-05-31T23:10:25,270,Tulisuontie,262,Siilitie (M),1235,311
2021-05-31T23:03:42,2021-05-31T23:15:16,627,Piispansilta,607,Nuottaniementie,2178,689
2021-05-31T23:03:38,2021-05-31T23:15:29,631,Friisilänaukio,625,Suomenlahdentie,1417,707
2021-05-31T23:03:03,2021-05-31T23:13:32,037,Töölönkatu,045,Brahen kenttä,2083,628
2021-05-31T23:02:23,2021-05-31T23:08:06,018,Porthania,002,Laivasillankatu,1184,338
2021-05-31T23:02:03,2021-05-31T23:22:39,063,Jätkäsaarenlaituri,124,Isoisänsilta,5606,1234
2021-05-31T23:02:03,2021-05-31T23:26:59,130,Teollisuuskatu,143,Kuikkarinne,7510,1491
2021-05-31T23:00:51,2021-05-31T23:38:04,653,Lukutori,653,Lukutori,2519,2229
2021-05-31T23:00:44,2021-05-31T23:17:58,015,Ritarikatu,075,Korjaamo,3285,1030
2021-05-31T23:00:32,2021-05-31T23:24:17,763,Kalkkipellonmäki,105,Tilkantori,5093,1425
2021-05-31T22:59:56,2021-05-31T23:10:08,121,Vilhonvuorenkatu,016,Liisanpuistikko,1721,607
2021-05-31T22:59:18,2021-05-31T23:11:47,137,Arabian kauppakeskus,138,Arabiankatu,1509,744
2021-05-31T22:59:11,2021-05-31T23:16:00,090,Paciuksenkaari,078,Messeniuksenkatu,3236,1004
2021-05-31T22:59:07,2021-05-31T23:12:02,900,Orionintie,637,Ruomelantie,3089,774
2021-05-31T22:58:52,2021-05-31T23:06:17,111,Esterinportti,077,Nordenskiöldinaukio,1680,440
2021-05-31T22:58:45,2021-05-31T22:59:06,121,Vilhonvuorenkatu,121,Vilhonvuorenkatu,0,17
2021-05-31T22:58:42,2021-05-31T23:04:14,040,Hakaniemi (M),019,Rautatientori / itä,1202,327
2021-05-31T22:57:45,2021-05-31T23:19:21,141,Intiankatu,089,Tilkanvierto,4425,1292
2021-05-31T22:57:08,2021-05-31T23:16:49,057,Lauttasaaren ostoskeskus,003,Kapteeninpuistikko,4028,1178
2021-05-31T22:56:47,2021-05-31T23:01:00,024,Mannerheimintie,049,Annankatu,786,248
2021-05-31T22:56:29,2021-05-31T23:01:07,162,Leppäsuonaukio,036,Apollonkatu,796,272
2021-05-31T22:55:42,2021-05-31T22:56:03,262,Siilitie (M),262,Siilitie (M),0,17
2021-05-31T22:55:07,2021-05-31T23:27:06,041,Ympyrätalo,076,Olympiastadion,1651,1915
2021-05-31T22:55:04,2021-05-31T23:02:57,115,Venttiilikuja,046,Diakoniapuisto,1104,468
2021-05-31T22:54:55,2021-05-31T23:07:45,505,Westendinasema,517,Länsituuli,2454,766
2021-05-31T22:54:46,2021-05-31T22:55:09,262,Siilitie (M),262,Siilitie (M),0,18
2021-05-31T22:54:45,2021-05-31T22:59:57,020,Kaisaniemenpuisto,123,Näkinsilta,1241,308
2021-05-31T22:54:10,2021-05-31T23:17:34,328,Lallukankuja,314,Lokitie,4653,1400
2021-05-31T22:53:57,2021-05-31T23:14:12,587,Hauenkallio,651,Suurpellonaukio,3957,1213
2021-05-31T22:53:55,2021-05-31T22:54:18,262,Siilitie (M),262,Siilitie (M),0,18
2021-05-31T22:53:55,2021-05-31T23:02:33,245,Kulosaari (M),121,Vilhonvuorenkatu,2309,515
2021-05-31T22:53:48,2021-05-31T23:14:28,587,Hauenkallio,651,Suurpellonaukio,3826,1235
2021-05-31T22:53:40,2021-05-31T22:57:19,030,Itämerentori,063,Jätkäsaarenlaituri,561,215
2021-05-31T22:53:34,2021-05-31T23:02:58,111,Esterinportti,086,Kuusitie,2007,560
2021-05-31T22:53:03,2021-05-31T23:02:27,069,Kalevankatu,005,Sepänkatu,1092,560
2021-05-31T22:52:16,2021-05-31T23:09:13,019,Rautatientori / itä,132,Hollolantie,3602,1013
2021-05-31T22:52:07,2021-05-31T23:01:53,022,Rautatientori / länsi,149,Toinen linja,2046,582
2021-05-31T22:52:00,2021-05-31T22:57:40,015,Ritarikatu,161,Eteläesplanadi,786,335
2021-05-31T22:51:51,2021-05-31T22:59:50,030,Itämerentori,054,Gyldenintie,2327,476
2021-05-31T22:51:49,2021-05-31T23:06:02,040,Hakaniemi (M),124,Isoisänsilta,3943,848
2021-05-31T22:51:17,2021-05-31T23:01:09,012,Kanavaranta,026,Kamppi (M),1894,592
2021-05-31T22:50:18,2021-05-31T23:02:31,311,Ramsinniementie,311,Ramsinniementie,1768,728
2021-05-31T22:49:25,2021-05-31T23:10:04,076,Olympiastadion,103,Vihdintie,3651,1234
2021-05-31T22:48:58,2021-05-31T23:05:19,252,Humalniementie,252,Humalniementie,1139,976
2021-05-31T22:48:58,2021-05-31T22:59:00,235,Katariina Saksilaisen katu,235,Katariina Saksilaisen katu,1660,598
2021-05-31T22:48:31,2021-05-31T22:50:41,133,Paavalinpuisto,134,Haukilahdenkatu,485,129
2021-05-31T22:48:22,2021-05-31T23:16:22,103,Vihdintie,711,Kirjurinkuja,5648,1675
2021-05-31T22:48:22,2021-05-31T22:55:50,095,Munkkiniemen aukio,103,Vihdintie,1725,444
2021-05-31T22:48:03,2021-05-31T22:58:47,040,Hakaniemi (M),161,Eteläesplanadi,1508,640
2021-05-31T22:47:56,2021-05-31T23:00:32,075,Korjaamo,043,Karhupuisto,2150,751
2021-05-31T22:47:50,2021-05-31T23:13:52,069,Kalevankatu,069,Kalevankatu,3091,1557
2021-05-31T22:47:40,2021-05-31T22:58:26,119,Gebhardinaukio,111,Esterinportti,2121,642
2021-05-31T22:47:32,2021-05-31T23:07:19,311,Ramsinniementie,311,Ramsinniementie,2399,1182
2021-05-31T22:46:54,2021-05-31T23:34:40,559,Pohjankulma,565,Mankkaanaukio,2246,2862
2021-05-31T22:46:09,2021-05-31T22:51:24,030,Itämerentori,028,Lastenlehto,947,316
2021-05-31T22:44:59,2021-05-31T22:53:38,007,Designmuseo,030,Itämerentori,2166,514
2021-05-31T22:44:50,2021-05-31T22:54:44,041,Ympyrätalo,125,Arielinkatu,2152,589
2021-05-31T22:44:44,2021-05-31T22:45:57,559,Pohjankulma,559,Pohjankulma,32,72
2021-05-31T22:44:31,2021-05-31T22:49:32,573,Urheilupuisto (M),900,Orionintie,833,296
2021-05-31T22:44:19,2021-05-31T23:01:59,246,Tupasaarentie,124,Isoisänsilta,2577,1055
2021-05-31T22:43:31,2021-05-31T22:49:37,045,Brahen kenttä,114,Ratapihantie,1474,361
2021-05-31T22:42:44,2021-05-31T22:51:03,573,Urheilupuisto (M),509,Revontulentie,1917,494
2021-05-31T22:42:24,2021-05-31T22:51:36,009,Erottajan aukio,037,Töölönkatu,1470,547
2021-05-31T22:42:13,2021-05-31T23:07:31,065,Hernesaarenranta,006,Hietalahdentori,3822,1514
2021-05-31T22:42:03,2021-05-31T22:58:47,645,Piispankallio,579,Niittymaa,4118,999
2021-05-31T22:41:42,2021-05-31T23:18:34,065,Hernesaarenranta,067,Perämiehenkatu,976,2208
2021-05-31T22:41:41,2021-05-31T23:15:36,067,Perämiehenkatu,029,Baana,1248,2034
2021-05-31T22:40:42,2021-05-31T23:01:55,149,Toinen linja,001,Kaivopuisto,10566.67,1268
2021-05-31T22:40:26,2021-05-31T22:46:23,009,Erottajan aukio,070,Sammonpuistikko,1484,353
2021-05-31T22:39:35,2021-06-01T03:42:48,048,Mastokatu,013,Merisotilaantori,802,1295
2021-05-31T22:38:43,2021-05-31T22:59:24,272,Marjaniementie,314,Lokitie,4155,1235
2021-05-31T22:38:42,2021-05-31T22:55:33,088,Kiskontie,037,Töölönkatu,2969,1006
2021-05-31T22:38:38,2021-05-31T23:12:23,029,Baana,029,Baana,6714,2023
2021-05-31T22:38:11,2021-05-31T22:46:47,123,Näkinsilta,022,Rautatientori / länsi,1705,511
2021-05-31T22:38:08,2021-05-31T23:08:24,030,Itämerentori,075,Korjaamo,5439,1813
2021-05-31T22:37:59,2021-05-31T22:46:15,112,Rautatieläisenkatu,117,Brahen puistikko,1643,491
2021-05-31T22:37:50,2021-05-31T22:44:27,021,Töölönlahdenkatu,039,Ooppera,1679,393
2021-05-31T22:37:36,2021-05-31T23:18:42,101,Munkkivuoren ostoskeskus,041,Ympyrätalo,7380,2464
2021-05-31T22:37:14,2021-05-31T23:01:10,041,Ympyrätalo,057,Lauttasaaren ostoskeskus,5623,1432
2021-05-31T22:37:12,2021-05-31T23:02:42,055,Puistokaari,037,Töölönkatu,5732,1530
2021-05-31T22:37:01,2021-06-01T03:53:36,027,Eerikinkatu,022,Rautatientori / länsi,455,204
2021-05-31T22:36:36,2021-05-31T22:42:33,126,Kalasatama (M),134,Haukilahdenkatu,1431,353
2021-05-31T22:36:30,2021-05-31T22:45:50,362,Teerisuontie,364,Ala-Malmin tori,2001,555
2021-05-31T22:36:29,2021-05-31T22:44:35,308,Mosaiikkitori,317,Haapasaarentie,1376,480
2021-05-31T22:35:29,2021-05-31T22:41:15,095,Munkkiniemen aukio,098,Ulvilantie,1284,342
2021-05-31T22:35:19,2021-05-31T22:38:45,543,Otaranta,547,Jämeräntaival,445,202
2021-05-31T22:35:14,2021-05-31T22:50:00,262,Siilitie (M),263,Herttoniemen kirkko,1290,880
2021-05-31T22:34:56,2021-05-31T22:49:39,126,Kalasatama (M),141,Intiankatu,2634,879
2021-05-31T22:34:52,2021-05-31T22:38:32,069,Kalevankatu,068,Albertinkatu,512,216
2021-05-31T22:34:29,2021-05-31T22:47:12,039,Ooppera,111,Esterinportti,2203,758
2021-05-31T22:34:28,2021-05-31T22:47:27,017,Varsapuistikko,033,Kauppakorkeakoulu,2278,776
2021-05-31T22:33:52,2021-05-31T22:42:17,731,Leppävaarankäytävä,749,Vallikatu,990,500
2021-05-31T22:33:49,2021-05-31T22:40:43,121,Vilhonvuorenkatu,041,Ympyrätalo,1417,410
2021-05-31T22:33:36,2021-05-31T23:14:37,647,Lystimäki,647,Lystimäki,1600,2456
2021-05-31T22:33:33,2021-05-31T22:54:33,226,Lepolantie,136,Sofianlehdonkatu,4547,1256
2021-05-31T22:33:21,2021-05-31T22:39:45,126,Kalasatama (M),134,Haukilahdenkatu,1435,380
2021-05-31T22:33:19,2021-05-31T22:40:14,627,Piispansilta,611,Matinkartanontie,1314,413
2021-05-31T22:33:02,2021-05-31T22:40:56,045,Brahen kenttä,135,Velodrominrinne,1945,474
2021-05-31T22:32:55,2021-05-31T22:55:30,404,Sompasaari,008,Vanha kirkkopuisto,3749,1351
2021-05-31T22:32:53,2021-05-31T22:37:08,044,Sörnäinen (M),043,Karhupuisto,887,264
2021-05-31T22:32:41,2021-05-31T22:51:28,113,Pasilan asema,026,Kamppi (M),4032,1123
2021-05-31T22:31:58,2021-05-31T22:41:28,110,Maistraatintori,115,Venttiilikuja,1288,566
2021-05-31T22:31:55,2021-05-31T22:54:27,062,Välimerenkatu,111,Esterinportti,5180,1349
2021-05-31T22:31:52,2021-05-31T22:45:07,116,Linnanmäki,044,Sörnäinen (M),2369,791
2021-05-31T22:31:47,2021-06-01T03:32:03,062,Välimerenkatu,402,Bermudankuja,641,204
2021-05-31T22:31:43,2021-05-31T22:40:13,587,Hauenkallio,585,Haukilahdenaukio,1777,509
2021-05-31T22:31:29,2021-05-31T22:40:52,236,Hernepellontie,239,Viikin tiedepuisto,1893,562
2021-05-31T22:31:21,2021-05-31T22:34:59,051,Itälahdenkatu,054,Gyldenintie,1140,219
2021-05-31T22:31:10,2021-05-31T22:36:33,727,Ratsutori,733,Läkkitori,785,322
2021-05-31T22:30:59,2021-05-31T22:42:23,509,Revontulentie,563,Mankkaanlaaksontie,2619,679
2021-05-31T22:30:48,2021-05-31T22:38:01,134,Haukilahdenkatu,290,Vallilan varikko,1253,431
2021-05-31T22:30:41,2021-05-31T22:38:21,134,Haukilahdenkatu,290,Vallilan varikko,1082,454
2021-05-31T22:30:35,2021-05-31T22:47:42,137,Arabian kauppakeskus,040,Hakaniemi (M),3229,1025
2021-05-31T22:30:32,2021-05-31T23:01:17,126,Kalasatama (M),272,Marjaniementie,7089,1845
2021-05-31T22:30:25,2021-05-31T22:49:35,009,Erottajan aukio,038,Töölöntori,3526,1145
2021-05-31T22:30:09,2021-05-31T22:35:43,117,Brahen puistikko,041,Ympyrätalo,1219,332
2021-05-31T22:29:56,2021-05-31T22:35:09,639,Itäportti,647,Lystimäki,635,308
2021-05-31T22:29:53,2021-05-31T22:37:47,111,Esterinportti,089,Tilkanvierto,1662,470
2021-05-31T22:29:45,2021-05-31T22:36:35,727,Ratsutori,733,Läkkitori,661,406
2021-05-31T22:29:43,2021-05-31T22:36:40,069,Kalevankatu,005,Sepänkatu,1067,413
2021-05-31T22:29:42,2021-05-31T22:33:47,030,Itämerentori,006,Hietalahdentori,1004,240
2021-05-31T22:29:32,2021-05-31T22:38:55,071,Hietaniemenkatu,070,Sammonpuistikko,1266,559
2021-05-31T22:29:28,2021-05-31T22:53:13,201,Länsisatamankuja,084,Paciuksenkatu,5301,1421
2021-05-31T22:29:19,2021-05-31T22:53:06,122,Lintulahdenkatu,063,Jätkäsaarenlaituri,5560,1422
2021-05-31T22:29:09,2021-05-31T22:46:30,122,Lintulahdenkatu,038,Töölöntori,3219,1039
2021-05-31T22:28:57,2021-05-31T22:36:17,117,Brahen puistikko,040,Hakaniemi (M),2111,439
2021-05-31T22:28:45,2021-05-31T22:34:31,163,Lehtisaarentie,543,Otaranta,1439,342
2021-05-31T22:28:40,2021-05-31T22:33:02,275,Itäkeskus (M),291,Itäkeskus Metrovarikko,855,258
2021-05-31T22:28:25,2021-05-31T22:28:35,117,Brahen puistikko,117,Brahen puistikko,0,9
2021-05-31T22:28:18,2021-05-31T22:40:46,144,Käpyläntie,144,Käpyläntie,1080,744
2021-05-31T22:28:07,2021-05-31T22:49:28,101,Munkkivuoren ostoskeskus,135,Velodrominrinne,4819,1276
2021-05-31T22:27:42,2021-05-31T22:38:14,126,Kalasatama (M),137,Arabian kauppakeskus,2488,633
2021-05-31T22:27:33,2021-05-31T22:54:04,140,Verkatehtaanpuisto,012,Kanavaranta,6702,1589
2021-05-31T22:27:28,2021-05-31T22:39:11,204,A.I. Virtasen aukio,235,Katariina Saksilaisen katu,2527,698
2021-05-31T22:26:42,2021-05-31T22:48:26,285,Orpaanporras,241,Agronominkatu,2651,1301
2021-05-31T22:26:22,2021-05-31T22:38:19,100,Teljäntie,096,Huopalahdentie,2211,713
2021-05-31T22:26:19,2021-05-31T22:51:55,290,Vallilan varikko,033,Kauppakorkeakoulu,4282,1532
2021-05-31T22:26:19,2021-05-31T22:30:37,290,Vallilan varikko,044,Sörnäinen (M),940,258
2021-05-31T22:26:14,2021-05-31T22:36:54,137,Arabian kauppakeskus,135,Velodrominrinne,1543,635
2021-05-31T22:26:01,2021-05-31T22:30:02,541,"Aalto-yliopisto (M), Korkeakouluaukio",547,Jämeräntaival,1074,237
2021-05-31T22:25:45,2021-05-31T22:43:46,285,Orpaanporras,239,Viikin tiedepuisto,4028,1076
2021-05-31T22:25:03,2021-05-31T22:30:42,028,Lastenlehto,030,Itämerentori,949,337
2021-05-31T22:24:57,2021-05-31T22:40:52,627,Piispansilta,513,Hakalehto,3565,951
2021-05-31T22:24:19,2021-05-31T22:37:52,075,Korjaamo,030,Itämerentori,2775,807
2021-05-31T22:23:52,2021-05-31T22:29:20,573,Urheilupuisto (M),577,Olarinluoma,1691,327
2021-05-31T22:23:24,2021-05-31T22:41:40,135,Velodrominrinne,028,Lastenlehto,5421,1095
2021-05-31T22:23:11,2021-05-31T22:29:32,030,Itämerentori,006,Hietalahdentori,1039,377
2021-05-31T22:22:31,2021-05-31T22:28:06,531,Keilaranta,163,Lehtisaarentie,969,330
2021-05-31T22:22:02,2021-05-31T22:27:47,731,Leppävaarankäytävä,749,Vallikatu,982,340
2021-05-31T22:21:43,2021-05-31T22:39:07,028,Lastenlehto,122,Lintulahdenkatu,3256,1040
2021-05-31T22:21:32,2021-05-31T22:31:58,333,Kivikonkaari,338,Jakomäentie,2015,621
2021-05-31T22:21:16,2021-05-31T22:24:37,162,Leppäsuonaukio,069,Kalevankatu,543,196
2021-05-31T22:20:26,2021-05-31T22:28:39,043,Karhupuisto,115,Venttiilikuja,1654,488
2021-05-31T22:20:16,2021-05-31T22:26:56,024,Mannerheimintie,037,Töölönkatu,1116,395
2021-05-31T22:19:59,2021-05-31T22:30:23,118,Fleminginkatu,110,Maistraatintori,2060,619
2021-05-31T22:19:57,2021-05-31T22:25:04,063,Jätkäsaarenlaituri,027,Eerikinkatu,1033,302
2021-05-31T22:19:49,2021-05-31T22:36:58,135,Velodrominrinne,078,Messeniuksenkatu,2485,1025
2021-05-31T22:19:42,2021-05-31T22:24:57,063,Jätkäsaarenlaituri,027,Eerikinkatu,1023,311
2021-05-31T22:19:40,2021-05-31T22:32:40,037,Töölönkatu,016,Liisanpuistikko,2577,776
2021-05-31T22:19:36,2021-05-31T22:27:36,647,Lystimäki,575,Tontunmäentie,1609,475
2021-05-31T22:19:32,2021-05-31T22:34:34,062,Välimerenkatu,082,Töölöntulli,3867,897
2021-05-31T22:19:07,2021-05-31T22:21:15,231,Siltavoudintie,229,Käskynhaltijantie,426,123
2021-05-31T22:18:58,2021-05-31T22:21:13,571,Tapiolan urheilupuisto,573,Urheilupuisto (M),628,130
2021-05-31T22:18:27,2021-05-31T22:31:35,076,Olympiastadion,121,Vilhonvuorenkatu,2521,783
2021-05-31T22:18:15,2021-05-31T22:26:49,017,Varsapuistikko,036,Apollonkatu,2037,510
2021-05-31T22:17:56,2021-05-31T22:25:04,046,Diakoniapuisto,115,Venttiilikuja,996,423
2021-05-31T22:17:44,2021-05-31T22:24:07,056,Luoteisväylä,057,Lauttasaaren ostoskeskus,1557,381
2021-05-31T22:17:35,2021-05-31T22:47:51,046,Diakoniapuisto,103,Vihdintie,6250,1812
2021-05-31T22:17:31,2021-05-31T22:22:56,731,Leppävaarankäytävä,763,Kalkkipellonmäki,1152,326
2021-05-31T22:17:22,2021-05-31T22:24:27,032,Eläinmuseo,038,Töölöntori,1065,421
2021-05-31T22:17:12,2021-05-31T22:27:02,032,Eläinmuseo,062,Välimerenkatu,2095,585
2021-05-31T22:17:00,2021-05-31T22:41:46,003,Kapteeninpuistikko,065,Hernesaarenranta,3130,1478
2021-05-31T22:16:47,2021-05-31T22:24:44,070,Sammonpuistikko,161,Eteläesplanadi,1829,470
2021-05-31T22:16:32,2021-05-31T22:43:23,001,Kaivopuisto,122,Lintulahdenkatu,5176,1607
2021-05-31T22:16:17,2021-05-31T22:32:19,086,Kuusitie,113,Pasilan asema,2781,957
2021-05-31T22:16:13,2021-05-31T22:43:22,001,Kaivopuisto,122,Lintulahdenkatu,5186,1625
2021-05-31T22:16:11,2021-05-31T22:33:56,086,Kuusitie,118,Fleminginkatu,3612,1059
2021-05-31T22:15:57,2021-05-31T22:21:10,543,Otaranta,541,"Aalto-yliopisto (M), Korkeakouluaukio",1031,308
2021-05-31T22:15:46,2021-05-31T22:21:52,202,Merihaka,017,Varsapuistikko,1646,365
2021-05-31T22:15:26,2021-05-31T22:26:19,076,Olympiastadion,162,Leppäsuonaukio,2405,649
2021-05-31T22:15:18,2021-05-31T22:20:13,069,Kalevankatu,030,Itämerentori,1053,290
2021-05-31T22:15:16,2021-05-31T22:27:07,142,Koskelantie,122,Lintulahdenkatu,3504,708
2021-05-31T22:15:09,2021-05-31T22:38:49,142,Koskelantie,099,Muusantori,5766,1416
2021-05-31T22:14:48,2021-05-31T22:26:03,041,Ympyrätalo,116,Linnanmäki,1596,671
2021-05-31T22:13:56,2021-05-31T23:42:42,635,Kuunkatu,615,Tiistiläntie,2360,5321
2021-05-31T22:13:45,2021-05-31T22:34:06,096,Huopalahdentie,062,Välimerenkatu,5742,1223
2021-05-31T22:13:39,2021-05-31T22:35:45,613,Matinkyläntie,581,Niittykumpu (M),3712,1322
2021-05-31T22:13:25,2021-05-31T22:27:12,084,Paciuksenkatu,111,Esterinportti,2372,822
2021-05-31T22:13:13,2021-05-31T22:31:45,084,Paciuksenkatu,041,Ympyrätalo,3581,1113
2021-05-31T22:12:45,2021-05-31T22:27:58,080,Jäähalli,087,Kustaankatu,2701,908
2021-05-31T22:12:42,2021-05-31T22:35:28,092,Saunalahdentie,038,Töölöntori,4032,1360
2021-05-31T22:12:31,2021-06-01T00:51:34,064,Tyynenmerenkatu,109,Hertanmäenkatu,7481,9540
2021-05-31T22:12:19,2021-05-31T22:20:50,142,Koskelantie,138,Arabiankatu,2215,507
2021-05-31T22:12:03,2021-05-31T22:28:00,084,Paciuksenkatu,038,Töölöntori,2054,952
2021-05-31T22:12:01,2021-05-31T22:17:33,084,Paciuksenkatu,095,Munkkiniemen aukio,1100,329
2021-05-31T22:11:40,2021-05-31T22:35:00,124,Isoisänsilta,095,Munkkiniemen aukio,5952,1394
2021-05-31T22:11:14,2021-05-31T22:27:40,005,Sepänkatu,036,Apollonkatu,2960,982
2021-05-31T22:11:11,2021-05-31T22:18:07,080,Jäähalli,089,Tilkanvierto,1682,412
2021-05-31T22:10:59,2021-05-31T22:32:13,005,Sepänkatu,081,Stenbäckinkatu,4423,1272
2021-05-31T22:10:58,2021-05-31T22:40:47,579,Niittymaa,645,Piispankallio,6373,1786
2021-05-31T22:10:54,2021-05-31T22:32:54,126,Kalasatama (M),124,Isoisänsilta,4234,1319
2021-05-31T22:10:34,2021-05-31T22:27:50,001,Kaivopuisto,037,Töölönkatu,3510,1033
2021-05-31T22:10:23,2021-05-31T22:28:21,072,Eteläinen Hesperiankatu,075,Korjaamo,1372,1073
2021-05-31T22:10:12,2021-05-31T22:31:24,243,Mustikkamaa,045,Brahen kenttä,3959,1268
2021-05-31T22:10:04,2021-05-31T22:17:20,032,Eläinmuseo,004,Viiskulma,1635,432
2021-05-31T22:09:38,2021-05-31T22:11:20,039,Ooppera,076,Olympiastadion,261,98
2021-05-31T22:09:38,2021-05-31T22:32:37,639,Itäportti,639,Itäportti,4894,1375
2021-05-31T22:09:13,2021-05-31T22:18:30,220,Ida Aalbergin tie,211,Haagan tori,2681,556
2021-05-31T22:09:06,2021-05-31T22:26:44,041,Ympyrätalo,121,Vilhonvuorenkatu,2029,1053
2021-05-31T22:08:59,2021-05-31T22:30:04,611,Matinkartanontie,517,Länsituuli,4744,1264
2021-05-31T22:08:43,2021-05-31T22:15:04,723,Säterinniitty,727,Ratsutori,929,376
2021-05-31T22:08:32,2021-05-31T22:16:54,024,Mannerheimintie,048,Mastokatu,1841,497
2021-05-31T22:08:24,2021-05-31T22:16:08,012,Kanavaranta,003,Kapteeninpuistikko,1927,459
2021-05-31T22:08:23,2021-05-31T22:48:12,543,Otaranta,543,Otaranta,7541,2385
2021-05-31T22:08:17,2021-05-31T22:25:55,121,Vilhonvuorenkatu,012,Kanavaranta,2630,1053
2021-05-31T22:08:03,2021-05-31T22:26:23,070,Sammonpuistikko,053,Heikkiläntie,3455,1095
2021-05-31T22:07:49,2021-05-31T22:14:42,032,Eläinmuseo,010,Kasarmitori,1429,409
2021-05-31T22:07:47,2021-05-31T22:26:50,070,Sammonpuistikko,053,Heikkiläntie,3432,1138
2021-05-31T22:07:32,2021-06-01T09:05:26,127,Teurastamo,065,Hernesaarenranta,5584,39469
2021-05-31T22:06:59,2021-05-31T22:15:49,079,Uimastadion,109,Hertanmäenkatu,1854,523
2021-05-31T22:06:55,2021-05-31T22:11:33,713,Upseerinkatu,711,Kirjurinkuja,727,278
2021-05-31T22:06:51,2021-05-31T22:22:50,221,Thalianaukio,761,Mäkkylän asema,4206,955
2021-05-31T22:06:45,2021-05-31T22:18:20,108,Radiokatu,103,Vihdintie,2284,691
2021-05-31T22:06:35,2021-05-31T22:09:47,900,Orionintie,573,Urheilupuisto (M),859,187
2021-05-31T22:06:25,2021-05-31T22:14:15,203,Opastinsilta,110,Maistraatintori,961,466
2021-05-31T22:06:15,2021-05-31T22:18:32,214,Valimon asema,089,Tilkanvierto,3363,733
2021-05-31T22:06:11,2021-05-31T22:18:44,335,Kurkimäentie,240,Viikin normaalikoulu,3009,750
2021-05-31T22:05:41,2021-05-31T22:11:25,069,Kalevankatu,036,Apollonkatu,1315,339
2021-05-31T22:04:58,2021-05-31T22:10:13,162,Leppäsuonaukio,036,Apollonkatu,939,310
2021-05-31T22:04:49,2021-05-31T22:14:35,292,Koskelan varikko,128,Päijänteentie,2327,582
2021-05-31T22:04:43,2021-05-31T22:10:50,206,Ruskeasuon varikko,096,Huopalahdentie,1549,363
2021-05-31T22:04:41,2021-05-31T22:11:15,220,Ida Aalbergin tie,213,Huopalahden asema,1698,393
2021-05-31T22:04:18,2021-05-31T22:28:13,240,Viikin normaalikoulu,137,Arabian kauppakeskus,5313,1434
2021-05-31T22:04:07,2021-05-31T22:28:09,204,A.I. Virtasen aukio,370,Rapakiventie,5784,1437
2021-05-31T22:03:42,2021-05-31T22:11:59,589,Haukilahdenranta,627,Piispansilta,2174,496
2021-05-31T22:03:39,2021-05-31T22:20:32,004,Viiskulma,203,Opastinsilta,5205,1009
2021-05-31T22:03:37,2021-05-31T22:15:17,001,Kaivopuisto,012,Kanavaranta,2650,696
2021-05-31T22:03:24,2021-05-31T22:13:41,030,Itämerentori,017,Varsapuistikko,2801,613
2021-05-31T22:02:59,2021-05-31T22:15:01,543,Otaranta,518,Tuulimäki,2601,718
2021-05-31T22:02:43,2021-05-31T22:14:01,025,Narinkka,031,Marian sairaala,1294,673
2021-05-31T22:02:37,2021-05-31T22:08:56,123,Näkinsilta,044,Sörnäinen (M),1522,378
2021-05-31T22:02:20,2021-06-01T00:34:45,064,Tyynenmerenkatu,064,Tyynenmerenkatu,2866,9142
2021-05-31T22:02:18,2021-05-31T22:16:42,126,Kalasatama (M),139,Muotoilijankatu,3030,859
2021-05-31T22:02:10,2021-05-31T22:09:04,126,Kalasatama (M),134,Haukilahdenkatu,1474,409
2021-05-31T22:02:01,2021-05-31T22:19:29,120,Mäkelänkatu,044,Sörnäinen (M),3532,1044
2021-05-31T22:01:59,2021-05-31T22:20:55,060,Kaapelitehdas,022,Rautatientori / länsi,3368,1134
2021-05-31T22:01:56,2021-05-31T22:18:50,018,Porthania,015,Ritarikatu,2732,1014
2021-05-31T22:01:45,2021-05-31T22:08:01,033,Kauppakorkeakoulu,037,Töölönkatu,1076,371
2021-05-31T22:01:37,2021-05-31T22:17:21,092,Saunalahdentie,056,Luoteisväylä,4069,940
2021-05-31T22:01:32,2021-05-31T22:06:06,519,Tapionaukio,527,Otsolahti,802,269
2021-05-31T22:01:22,2021-05-31T22:01:33,060,Kaapelitehdas,060,Kaapelitehdas,0,9
2021-05-31T22:01:12,2021-05-31T22:07:24,062,Välimerenkatu,069,Kalevankatu,1116,367
2021-05-31T22:01:11,2021-05-31T22:07:28,062,Välimerenkatu,069,Kalevankatu,1119,373
2021-05-31T22:01:08,2021-05-31T22:06:08,227,Kylävoudintie,232,Oulunkylän asema,1047,296
2021-05-31T22:00:54,2021-05-31T22:08:53,135,Velodrominrinne,133,Paavalinpuisto,1446,478
2021-05-31T22:00:18,2021-05-31T22:09:20,064,Tyynenmerenkatu,021,Töölönlahdenkatu,2444,541
2021-05-31T22:00:14,2021-05-31T22:15:22,216,Jännetie,208,Valimotie,3747,904
2021-05-31T22:00:12,2021-05-31T22:13:43,571,Tapiolan urheilupuisto,559,Pohjankulma,2356,807
2021-05-31T22:00:12,2021-05-31T22:03:14,017,Varsapuistikko,016,Liisanpuistikko,723,181
2021-05-31T22:00:06,2021-05-31T22:29:02,094,Laajalahden aukio,094,Laajalahden aukio,4130,1735
2021-05-31T21:59:52,2021-05-31T22:07:17,161,Eteläesplanadi,002,Laivasillankatu,1045,441
2021-05-31T21:59:31,2021-05-31T22:00:09,001,Kaivopuisto,001,Kaivopuisto,2,34
2021-05-31T21:59:28,2021-05-31T22:20:29,072,Eteläinen Hesperiankatu,143,Kuikkarinne,4406,1255
2021-05-31T21:58:58,2021-05-31T22:08:46,114,Ratapihantie,037,Töölönkatu,2597,583
2021-05-31T21:58:57,2021-05-31T22:09:03,735,Mestarinkatu,727,Ratsutori,1216,604
2021-05-31T21:58:41,2021-05-31T22:07:17,651,Suurpellonaukio,581,Niittykumpu (M),2317,512
2021-05-31T21:58:39,2021-05-31T22:03:12,004,Viiskulma,026,Kamppi (M),998,269
2021-05-31T21:58:28,2021-05-31T22:09:04,735,Mestarinkatu,727,Ratsutori,1186,631
2021-05-31T21:58:26,2021-05-31T22:08:51,082,Töölöntulli,045,Brahen kenttä,2617,625
2021-05-31T21:58:26,2021-05-31T22:02:08,735,Mestarinkatu,737,Muurarinkuja,759,217
2021-05-31T21:58:19,2021-05-31T22:07:44,070,Sammonpuistikko,061,Länsisatamankatu,2421,564
2021-05-31T21:58:14,2021-05-31T22:10:49,072,Eteläinen Hesperiankatu,054,Gyldenintie,3791,750
2021-05-31T21:58:01,2021-05-31T22:17:35,116,Linnanmäki,046,Diakoniapuisto,2197,1169
2021-05-31T21:58:00,2021-05-31T22:09:39,370,Rapakiventie,240,Viikin normaalikoulu,2423,697
2021-05-31T21:57:55,2021-05-31T22:11:12,026,Kamppi (M),003,Kapteeninpuistikko,1621,792
2021-05-31T21:57:54,2021-05-31T22:05:30,114,Ratapihantie,129,Pernajantie,1406,451
2021-05-31T21:57:22,2021-05-31T22:23:33,212,Tunnelitie,095,Munkkiniemen aukio,5452,1567
2021-05-31T21:57:15,2021-05-31T22:09:03,069,Kalevankatu,039,Ooppera,2403,703
2021-05-31T21:57:14,2021-05-31T22:09:53,031,Marian sairaala,038,Töölöntori,1805,753
2021-05-31T21:57:09,2021-05-31T22:03:39,026,Kamppi (M),004,Viiskulma,1253,386
2021-05-31T21:56:48,2021-05-31T22:08:38,022,Rautatientori / länsi,061,Länsisatamankatu,2795,709
2021-05-31T21:56:38,2021-05-31T22:00:47,126,Kalasatama (M),121,Vilhonvuorenkatu,637,245
2021-05-31T21:56:33,2021-05-31T21:56:54,069,Kalevankatu,069,Kalevankatu,0,16
2021-05-31T21:56:27,2021-05-31T22:14:34,044,Sörnäinen (M),107,Tenholantie,4653,1082
2021-05-31T21:56:26,2021-05-31T21:59:43,275,Itäkeskus (M),272,Marjaniementie,635,195
2021-05-31T21:56:14,2021-05-31T22:05:09,745,Leppävaaran urheilupuisto,731,Leppävaarankäytävä,1306,530
2021-05-31T21:55:56,2021-05-31T21:58:30,541,"Aalto-yliopisto (M), Korkeakouluaukio",533,Tekniikantie,510,153
2021-05-31T21:55:51,2021-06-01T17:00:07,059,Salmisaarenranta,022,Rautatientori / länsi,3800,68651
2021-05-31T21:55:51,2021-05-31T22:23:57,049,Annankatu,117,Brahen puistikko,5331,1681
2021-05-31T21:55:42,2021-05-31T22:20:22,059,Salmisaarenranta,022,Rautatientori / länsi,4098,1481
2021-05-31T21:55:32,2021-05-31T22:04:57,745,Leppävaaran urheilupuisto,731,Leppävaarankäytävä,1315,563
2021-05-31T21:55:06,2021-05-31T22:17:06,086,Kuusitie,040,Hakaniemi (M),3691,1316
2021-05-31T21:54:47,2021-05-31T22:02:43,239,Viikin tiedepuisto,237,Aulangontie,1149,471
2021-05-31T21:54:45,2021-05-31T21:59:19,030,Itämerentori,064,Tyynenmerenkatu,948,274
2021-05-31T21:54:43,2021-05-31T22:13:19,581,Niittykumpu (M),613,Matinkyläntie,2842,1111
2021-05-31T21:54:40,2021-05-31T22:05:23,033,Kauppakorkeakoulu,003,Kapteeninpuistikko,1935,639
2021-05-31T21:54:38,2021-05-31T22:00:01,255,Laivalahden puistotie,259,Petter Wetterin tie,900,319
2021-05-31T21:54:38,2021-05-31T22:00:13,109,Hertanmäenkatu,108,Radiokatu,457,331
2021-05-31T21:54:37,2021-05-31T22:10:08,515,Oravannahkatori,627,Piispansilta,3865,921
2021-05-31T21:54:36,2021-05-31T22:02:09,239,Viikin tiedepuisto,237,Aulangontie,1119,448
2021-05-31T21:54:16,2021-05-31T22:07:12,150,Töölönlahden puisto,064,Tyynenmerenkatu,2385,770
2021-05-31T21:54:16,2021-05-31T22:05:30,123,Näkinsilta,123,Näkinsilta,1119,656
2021-05-31T21:54:14,2021-05-31T21:57:42,064,Tyynenmerenkatu,030,Itämerentori,986,205
2021-05-31T21:54:14,2021-05-31T22:01:41,581,Niittykumpu (M),623,Nelikkotie,1709,444
2021-05-31T21:53:22,2021-05-31T22:01:46,563,Mankkaanlaaksontie,579,Niittymaa,2182,500
2021-05-31T21:52:45,2021-05-31T21:53:42,109,Hertanmäenkatu,109,Hertanmäenkatu,0,55
2021-05-31T21:52:41,2021-05-31T22:01:35,109,Hertanmäenkatu,108,Radiokatu,461,528
2021-05-31T21:52:32,2021-05-31T22:07:49,150,Töölönlahden puisto,053,Heikkiläntie,3738,912
2021-05-31T21:52:23,2021-05-31T22:20:32,069,Kalevankatu,206,Ruskeasuon varikko,6589,1685
2021-05-31T21:52:14,2021-05-31T21:59:17,268,Porolahden koulu,260,Herttoniemi (M),1597,422
2021-05-31T21:52:08,2021-05-31T22:05:09,037,Töölönkatu,068,Albertinkatu,2254,777
2021-05-31T21:51:45,2021-05-31T21:55:44,364,Ala-Malmin tori,365,Karviaistie,596,234
2021-05-31T21:51:44,2021-05-31T22:00:27,076,Olympiastadion,041,Ympyrätalo,1790,518
2021-05-31T21:51:40,2021-05-31T22:02:59,631,Friisilänaukio,607,Nuottaniementie,2135,675
2021-05-31T21:51:39,2021-05-31T22:16:13,115,Venttiilikuja,002,Laivasillankatu,5713,1470
2021-05-31T21:51:24,2021-05-31T21:59:08,049,Annankatu,001,Kaivopuisto,1453,460
2021-05-31T21:50:56,2021-05-31T21:57:01,126,Kalasatama (M),134,Haukilahdenkatu,1413,359
2021-05-31T21:50:35,2021-05-31T22:03:12,127,Teurastamo,037,Töölönkatu,3318,752
2021-05-31T21:50:25,2021-05-31T21:55:29,364,Ala-Malmin tori,365,Karviaistie,610,299
2021-05-31T21:50:10,2021-05-31T21:55:28,364,Ala-Malmin tori,365,Karviaistie,637,317
2021-05-31T21:49:58,2021-05-31T21:59:46,100,Teljäntie,093,Torpanranta,2174,593
2021-05-31T21:49:35,2021-05-31T21:56:23,060,Kaapelitehdas,053,Heikkiläntie,3358.33,403
2021-05-31T21:49:30,2021-05-31T21:59:53,236,Hernepellontie,240,Viikin normaalikoulu,2668,619
2021-05-31T21:49:28,2021-05-31T22:07:01,745,Leppävaaran urheilupuisto,711,Kirjurinkuja,2064,1050
2021-05-31T21:49:02,2021-05-31T21:56:34,016,Liisanpuistikko,013,Merisotilaantori,1723,447
2021-05-31T21:48:48,2021-05-31T21:55:52,016,Liisanpuistikko,048,Mastokatu,1433,419
2021-05-31T21:48:34,2021-05-31T21:52:05,541,"Aalto-yliopisto (M), Korkeakouluaukio",547,Jämeräntaival,702,210
2021-05-31T21:48:32,2021-05-31T22:10:30,065,Hernesaarenranta,121,Vilhonvuorenkatu,6663,1317
2021-05-31T21:48:15,2021-05-31T21:59:46,084,Paciuksenkatu,117,Brahen puistikko,2770,686
2021-05-31T21:48:01,2021-05-31T21:58:45,241,Agronominkatu,241,Agronominkatu,1778,640
2021-05-31T21:47:48,2021-05-31T22:06:36,757,Painiitty,755,Kutsuntatie,3386,1127
2021-05-31T21:47:37,2021-05-31T21:51:23,030,Itämerentori,028,Lastenlehto,1125,222
2021-05-31T21:47:36,2021-05-31T21:53:23,267,Roihupelto,262,Siilitie (M),1208,346
2021-05-31T21:47:30,2021-05-31T21:55:11,075,Korjaamo,072,Eteläinen Hesperiankatu,1204,456
2021-05-31T21:47:16,2021-05-31T22:01:01,503,Keilalahti,057,Lauttasaaren ostoskeskus,3656,823
2021-05-31T21:46:56,2021-05-31T21:50:05,043,Karhupuisto,118,Fleminginkatu,630,185
2021-05-31T21:46:55,2021-05-31T21:58:33,209,Takomotie,212,Tunnelitie,2782,697
2021-05-31T21:46:34,2021-05-31T21:57:27,161,Eteläesplanadi,061,Länsisatamankatu,2556,649
2021-05-31T21:46:21,2021-05-31T22:01:44,207,Vanha Viertotie,111,Esterinportti,3930,919
2021-05-31T21:46:16,2021-05-31T21:48:59,547,Jämeräntaival,541,"Aalto-yliopisto (M), Korkeakouluaukio",700,162
2021-05-31T21:46:01,2021-05-31T21:46:37,043,Karhupuisto,043,Karhupuisto,0,32
2021-05-31T21:45:34,2021-05-31T21:52:02,039,Ooppera,082,Töölöntulli,1377,386
2021-05-31T21:45:28,2021-05-31T21:50:51,009,Erottajan aukio,033,Kauppakorkeakoulu,1339,322
2021-05-31T21:45:11,2021-06-01T00:23:35,201,Länsisatamankuja,201,Länsisatamankuja,2140,9500
2021-05-31T21:44:23,2021-06-01T02:53:57,001,Kaivopuisto,006,Hietalahdentori,1724,505
2021-05-31T21:44:23,2021-05-31T21:49:58,641,Komeetankatu,639,Itäportti,1039,330
2021-05-31T21:43:50,2021-05-31T21:52:31,025,Narinkka,040,Hakaniemi (M),1907,517
2021-05-31T21:43:41,2021-05-31T21:53:50,204,A.I. Virtasen aukio,117,Brahen puistikko,2150,605
2021-05-31T21:43:17,2021-05-31T21:58:05,017,Varsapuistikko,126,Kalasatama (M),2634,867
2021-05-31T21:42:38,2021-05-31T21:48:55,103,Vihdintie,095,Munkkiniemen aukio,1804,366
2021-05-31T21:42:32,2021-05-31T21:56:26,212,Tunnelitie,209,Takomotie,6925,831
2021-05-31T21:42:15,2021-05-31T21:51:10,208,Valimotie,105,Tilkantori,1919,530
2021-05-31T21:42:12,2021-05-31T22:25:29,083,Meilahden sairaala,241,Agronominkatu,10011,2592
2021-05-31T21:42:11,2021-05-31T22:08:51,038,Töölöntori,001,Kaivopuisto,5855,1595
2021-05-31T21:41:45,2021-05-31T21:53:52,115,Venttiilikuja,150,Töölönlahden puisto,2840,646
2021-05-31T21:41:32,2021-05-31T21:49:54,405,Jollas,250,Reiherintie,994,497
2021-05-31T21:41:32,2021-05-31T21:53:44,259,Petter Wetterin tie,249,Isosaarentie,2556,727
2021-05-31T21:41:10,2021-05-31T21:49:15,087,Kustaankatu,134,Haukilahdenkatu,1723,479
2021-05-31T21:41:05,2021-05-31T21:52:41,003,Kapteeninpuistikko,070,Sammonpuistikko,2564,691
2021-05-31T21:40:59,2021-05-31T22:01:06,086,Kuusitie,532,Betonimies,5771,1211
2021-05-31T21:40:59,2021-05-31T22:00:45,218,Pohjois-Haagan asema,092,Saunalahdentie,5305,1182
2021-05-31T21:40:49,2021-05-31T21:50:25,228,Kustaankartano,142,Koskelantie,2703,572
2021-05-31T21:40:47,2021-05-31T21:48:13,517,Länsituuli,557,Louhentori,1413,440
2021-05-31T21:40:37,2021-05-31T21:43:39,318,Vuosaaren puistopolku,319,Purjetie,537,177
2021-05-31T21:40:31,2021-05-31T21:48:42,203,Opastinsilta,089,Tilkanvierto,2431,491
2021-05-31T21:40:13,2021-05-31T22:05:31,029,Baana,075,Korjaamo,3352,1514
2021-05-31T21:40:06,2021-05-31T21:47:26,551,Tietäjä,549,Maarinranta,1315,439
2021-05-31T21:40:04,2021-05-31T21:42:40,024,Mannerheimintie,024,Mannerheimintie,51,152
2021-05-31T21:39:52,2021-06-01T06:46:39,559,Pohjankulma,521,Kulttuuriaukio,1012,295
2021-05-31T21:39:37,2021-05-31T21:56:03,219,Näyttelijäntie,100,Teljäntie,3765,983
2021-05-31T21:39:29,2021-05-31T21:39:38,029,Baana,029,Baana,0,7
2021-05-31T21:39:18,2021-05-31T22:05:30,029,Baana,075,Korjaamo,3355,1568
2021-05-31T21:39:16,2021-05-31T22:03:34,135,Velodrominrinne,029,Baana,5380,1452
2021-05-31T21:39:11,2021-05-31T22:03:32,135,Velodrominrinne,029,Baana,5386,1456
2021-05-31T21:39:05,2021-05-31T21:47:25,135,Velodrominrinne,120,Mäkelänkatu,1621,494
2021-05-31T21:39:02,2021-05-31T21:58:19,071,Hietaniemenkatu,090,Paciuksenkaari,2979,1152
2021-05-31T21:38:37,2021-05-31T21:42:24,055,Puistokaari,054,Gyldenintie,1002,224
2021-05-31T21:38:33,2021-05-31T21:43:45,312,Meri-Rastilan tori,310,Halkaisijantie,614,306
2021-05-31T21:38:21,2021-05-31T21:50:01,116,Linnanmäki,084,Paciuksenkatu,2362,696
2021-05-31T21:38:21,2021-05-31T21:50:58,069,Kalevankatu,052,Heikkilänaukio,3436,752
2021-05-31T21:38:15,2021-05-31T21:50:33,284,Myllypuro (M),325,Mellunmäki (M),3230,734
2021-05-31T21:37:58,2021-05-31T21:55:19,019,Rautatientori / itä,059,Salmisaarenranta,4523,1041
2021-05-31T21:37:57,2021-05-31T22:03:02,214,Valimon asema,126,Kalasatama (M),8182,1505
2021-05-31T21:37:56,2021-05-31T21:43:17,237,Aulangontie,239,Viikin tiedepuisto,935,317
2021-05-31T21:37:45,2021-05-31T21:43:04,237,Aulangontie,239,Viikin tiedepuisto,955,314
2021-05-31T21:36:56,2021-05-31T21:43:21,625,Suomenlahdentie,613,Matinkyläntie,571,381
2021-05-31T21:36:55,2021-05-31T21:47:40,275,Itäkeskus (M),285,Orpaanporras,1758,640
2021-05-31T21:36:35,2021-05-31T21:49:57,279,Puotinkylän kartano,320,Koukkusaarentie,2938,797
2021-05-31T21:36:31,2021-05-31T22:03:56,310,Halkaisijantie,252,Humalniementie,6426,1643
2021-05-31T21:36:18,2021-05-31T21:55:51,063,Jätkäsaarenlaituri,107,Tenholantie,5471,1206
2021-05-31T21:36:15,2021-05-31T21:46:18,006,Hietalahdentori,064,Tyynenmerenkatu,1192,598
2021-05-31T21:36:11,2021-05-31T21:49:32,077,Nordenskiöldinaukio,161,Eteläesplanadi,3114,796
2021-05-31T21:36:10,2021-05-31T21:45:43,073,Kesäkatu,077,Nordenskiöldinaukio,1342,573
2021-05-31T21:35:58,2021-05-31T21:47:32,026,Kamppi (M),012,Kanavaranta,1893,692
2021-05-31T21:35:54,2021-05-31T21:44:33,044,Sörnäinen (M),079,Uimastadion,2109,514
2021-05-31T21:35:39,2021-05-31T21:47:52,346,Maatullinkuja,358,Syystie,2989,731
2021-05-31T21:35:13,2021-05-31T21:39:21,057,Lauttasaaren ostoskeskus,143,Kuikkarinne,996,244
2021-05-31T21:35:11,2021-05-31T21:54:04,012,Kanavaranta,112,Rautatieläisenkatu,4867,1130
2021-05-31T21:35:09,2021-05-31T21:36:08,141,Intiankatu,141,Intiankatu,2,55
2021-05-31T21:35:07,2021-05-31T21:45:26,126,Kalasatama (M),123,Näkinsilta,1647,615
2021-05-31T21:35:06,2021-05-31T21:47:37,519,Tapionaukio,547,Jämeräntaival,2534,746
2021-05-31T21:35:01,2021-05-31T21:50:55,136,Sofianlehdonkatu,080,Jäähalli,2907,950
2021-05-31T21:34:48,2021-05-31T21:42:51,517,Länsituuli,559,Pohjankulma,1090,479
2021-05-31T21:34:47,2021-05-31T21:57:41,100,Teljäntie,203,Opastinsilta,5125,1370
2021-05-31T21:34:32,2021-05-31T21:40:43,030,Itämerentori,067,Perämiehenkatu,1382,367
2021-05-31T21:34:26,2021-05-31T21:53:06,073,Kesäkatu,057,Lauttasaaren ostoskeskus,3832,1116
2021-05-31T21:34:21,2021-05-31T21:58:58,232,Oulunkylän asema,123,Näkinsilta,6897,1474
2021-05-31T21:34:14,2021-05-31T22:45:37,579,Niittymaa,727,Ratsutori,10847,4280
2021-05-31T21:33:58,2021-05-31T21:43:25,114,Ratapihantie,041,Ympyrätalo,2354,562
2021-05-31T21:33:33,2021-05-31T21:36:25,107,Tenholantie,089,Tilkanvierto,788,167
2021-05-31T21:33:27,2021-05-31T21:33:43,073,Kesäkatu,073,Kesäkatu,0,15
2021-05-31T21:33:27,2021-05-31T21:56:36,003,Kapteeninpuistikko,075,Korjaamo,4202,1386
2021-05-31T21:33:25,2021-05-31T21:44:18,069,Kalevankatu,062,Välimerenkatu,1147,648
2021-05-31T21:33:21,2021-05-31T21:41:21,026,Kamppi (M),030,Itämerentori,1456,476
2021-05-31T21:33:05,2021-05-31T21:39:31,749,Vallikatu,763,Kalkkipellonmäki,1684,381
2021-05-31T21:33:04,2021-05-31T21:48:25,026,Kamppi (M),202,Merihaka,3330,915
2021-05-31T21:33:03,2021-05-31T21:36:25,141,Intiankatu,138,Arabiankatu,653,178
2021-05-31T21:32:58,2021-05-31T21:42:12,125,Arielinkatu,123,Näkinsilta,1784,549
2021-05-31T21:32:53,2021-05-31T21:51:42,126,Kalasatama (M),068,Albertinkatu,4803,1125
2021-05-31T21:32:45,2021-05-31T21:40:45,030,Itämerentori,201,Länsisatamankuja,1018,259
2021-05-31T21:32:45,2021-05-31T21:40:51,259,Petter Wetterin tie,253,Tammisalon aukio,2091,485
2021-05-31T21:32:37,2021-05-31T21:33:19,232,Oulunkylän asema,232,Oulunkylän asema,2,40
2021-05-31T21:32:35,2021-05-31T21:48:02,226,Lepolantie,220,Ida Aalbergin tie,2693,922
2021-05-31T21:32:35,2021-05-31T21:37:49,121,Vilhonvuorenkatu,123,Näkinsilta,1025,309
2021-05-31T21:32:30,2021-05-31T21:44:07,030,Itämerentori,050,Melkonkuja,3040,692
2021-05-31T21:32:28,2021-05-31T21:43:14,596,Toppelundinportti,603,Matinlahdenranta,2415,642
2021-05-31T21:32:04,2021-05-31T21:59:40,559,Pohjankulma,571,Tapiolan urheilupuisto,987,1654
2021-05-31T21:32:00,2021-05-31T21:36:20,075,Korjaamo,038,Töölöntori,635,255
2021-05-31T21:32:00,2021-05-31T21:41:01,329,Kurkimäki,336,Kivikonlaita,1904,537
2021-05-31T21:31:57,2021-05-31T21:38:12,045,Brahen kenttä,039,Ooppera,1496,371
2021-05-31T21:31:42,2021-05-31T22:15:50,595,Westendintie,001,Kaivopuisto,10542,2644
2021-05-31T21:31:41,2021-05-31T21:39:28,147,Käpylän asema,141,Intiankatu,1850,462
2021-05-31T21:31:27,2021-05-31T21:54:43,025,Narinkka,096,Huopalahdentie,5010,1396
2021-05-31T21:31:19,2021-05-31T21:42:12,637,Ruomelantie,649,Lystimäensilta,2057,652
2021-05-31T21:31:14,2021-05-31T21:41:31,127,Teurastamo,046,Diakoniapuisto,1936,615
2021-05-31T21:31:13,2021-05-31T21:36:46,064,Tyynenmerenkatu,006,Hietalahdentori,1188,334
2021-05-31T21:30:50,2021-05-31T23:43:54,088,Kiskontie,037,Töölönkatu,3096,739
2021-05-31T21:30:36,2021-05-31T21:39:13,147,Käpylän asema,232,Oulunkylän asema,1680,512
2021-05-31T21:30:27,2021-05-31T21:38:41,147,Käpylän asema,232,Oulunkylän asema,1594,489
2021-05-31T21:30:15,2021-05-31T21:37:26,563,Mankkaanlaaksontie,573,Urheilupuisto (M),1690,427
2021-05-31T21:30:12,2021-05-31T23:00:04,019,Rautatientori / itä,141,Intiankatu,8684,5388
2021-05-31T21:29:56,2021-05-31T21:31:13,162,Leppäsuonaukio,162,Leppäsuonaukio,51,72
2021-05-31T21:29:53,2021-05-31T21:38:45,072,Eteläinen Hesperiankatu,082,Töölöntulli,1984,528
2021-05-31T21:29:32,2021-05-31T21:52:15,142,Koskelantie,150,Töölönlahden puisto,4751,1359
2021-05-31T21:29:30,2021-05-31T21:45:16,211,Haagan tori,226,Lepolantie,4028,942
2021-05-31T21:29:28,2021-05-31T21:36:27,547,Jämeräntaival,529,Keilaniemi (M),1739,414
2021-05-31T21:29:22,2021-05-31T21:53:33,219,Näyttelijäntie,096,Huopalahdentie,4821,1449
2021-05-31T21:29:14,2021-05-31T21:39:49,126,Kalasatama (M),138,Arabiankatu,2617,631
2021-05-31T21:29:09,2021-05-31T21:33:21,538,Hagalundinpuisto,525,Mäntyviita,724,247
2021-05-31T21:29:06,2021-05-31T21:33:50,077,Nordenskiöldinaukio,072,Eteläinen Hesperiankatu,1163,280
2021-05-31T21:29:01,2021-05-31T21:43:00,319,Purjetie,305,Kalkkihiekantie,2313,834
2021-05-31T21:28:57,2021-05-31T21:41:39,059,Salmisaarenranta,068,Albertinkatu,2368,757
2021-05-31T21:28:52,2021-05-31T21:41:17,030,Itämerentori,051,Itälahdenkatu,2857,744
2021-05-31T21:28:41,2021-05-31T21:35:11,114,Ratapihantie,119,Gebhardinaukio,1210,385
2021-05-31T21:28:20,2021-05-31T21:40:49,078,Messeniuksenkatu,149,Toinen linja,2070,745
2021-05-31T21:28:18,2021-05-31T21:52:50,087,Kustaankatu,043,Karhupuisto,1135,1468
2021-05-31T21:28:11,2021-05-31T21:28:32,030,Itämerentori,030,Itämerentori,0,20
2021-05-31T21:28:09,2021-05-31T21:48:09,020,Kaisaniemenpuisto,136,Sofianlehdonkatu,4000,1196
2021-05-31T21:27:57,2021-05-31T21:46:54,625,Suomenlahdentie,503,Keilalahti,5644,1137
2021-05-31T21:27:43,2021-05-31T21:34:49,009,Erottajan aukio,070,Sammonpuistikko,1492,421
2021-05-31T21:27:27,2021-05-31T21:33:45,250,Reiherintie,405,Jollas,971,373
2021-05-31T21:27:09,2021-05-31T21:41:54,041,Ympyrätalo,026,Kamppi (M),2250,879
2021-05-31T21:26:55,2021-05-31T21:42:44,625,Suomenlahdentie,653,Lukutori,4081,944
2021-05-31T21:26:51,2021-05-31T21:41:27,027,Eerikinkatu,030,Itämerentori,1915,872
2021-05-31T21:26:07,2021-05-31T21:35:14,147,Käpylän asema,204,A.I. Virtasen aukio,2172,542
2021-05-31T21:25:55,2021-05-31T21:41:11,201,Länsisatamankuja,050,Melkonkuja,2922,912
2021-05-31T21:25:52,2021-05-31T21:32:38,133,Paavalinpuisto,117,Brahen puistikko,1180,401
2021-05-31T21:25:51,2021-05-31T21:29:31,059,Salmisaarenranta,058,Lauttasaarensilta,969,214
2021-05-31T21:25:46,2021-05-31T21:32:48,133,Paavalinpuisto,117,Brahen puistikko,1151,418
2021-05-31T21:25:42,2021-05-31T21:41:05,239,Viikin tiedepuisto,148,Juhana Herttuan tie,3431,923
2021-05-31T21:25:32,2021-05-31T21:47:07,511,Sateentie,623,Nelikkotie,4326,1291
2021-05-31T21:25:29,2021-06-01T09:49:08,006,Hietalahdentori,075,Korjaamo,3103,44615
2021-05-31T21:25:26,2021-05-31T21:35:02,032,Eläinmuseo,149,Toinen linja,1970,571
2021-05-31T21:24:58,2021-05-31T21:43:28,085,Jalavatie,220,Ida Aalbergin tie,4723,1108
2021-05-31T21:24:56,2021-05-31T21:39:03,201,Länsisatamankuja,051,Itälahdenkatu,3110,846
2021-05-31T21:24:53,2021-05-31T21:35:16,059,Salmisaarenranta,026,Kamppi (M),2011,619
2021-05-31T21:24:47,2021-05-31T21:27:25,319,Purjetie,318,Vuosaaren puistopolku,532,153
2021-05-31T21:24:33,2021-05-31T21:28:58,126,Kalasatama (M),122,Lintulahdenkatu,1141,261
2021-05-31T21:24:28,2021-05-31T21:52:41,531,Keilaranta,617,Tiistinkallio,7767,1692
2021-05-31T21:24:11,2021-05-31T22:20:26,022,Rautatientori / länsi,057,Lauttasaaren ostoskeskus,3914,3370
2021-05-31T21:23:56,2021-05-31T21:47:18,263,Herttoniemen kirkko,149,Toinen linja,6217,1399
2021-05-31T21:23:04,2021-05-31T21:31:00,020,Kaisaniemenpuisto,202,Merihaka,2009,470
2021-05-31T21:22:46,2021-05-31T21:37:26,240,Viikin normaalikoulu,284,Myllypuro (M),3647,876
2021-05-31T21:22:41,2021-05-31T21:34:00,076,Olympiastadion,086,Kuusitie,1858,675
2021-05-31T21:22:30,2021-05-31T21:40:03,715,Komentajankatu,711,Kirjurinkuja,3863,1049
2021-05-31T21:22:26,2021-05-31T21:30:17,082,Töölöntulli,107,Tenholantie,1521,467
2021-05-31T21:22:20,2021-05-31T21:29:25,009,Erottajan aukio,035,Cygnaeuksenkatu,1331,421
2021-05-31T21:21:58,2021-05-31T21:36:47,209,Takomotie,089,Tilkanvierto,2895,885
2021-05-31T21:21:41,2021-05-31T21:33:19,653,Lukutori,637,Ruomelantie,2068,694
2021-05-31T21:21:37,2021-05-31T21:31:02,727,Ratsutori,707,Majurinkulma,1316,562
2021-05-31T21:21:27,2021-05-31T21:23:35,118,Fleminginkatu,116,Linnanmäki,698,127
2021-05-31T21:21:27,2021-05-31T21:24:13,575,Tontunmäentie,573,Urheilupuisto (M),406,163
2021-05-31T21:21:23,2021-05-31T21:23:14,547,Jämeräntaival,543,Otaranta,443,107
2021-05-31T21:21:19,2021-05-31T21:25:59,121,Vilhonvuorenkatu,124,Isoisänsilta,1094,275
2021-05-31T21:21:09,2021-05-31T21:27:23,244,Relanderinaukio,259,Petter Wetterin tie,1783,375
2021-05-31T21:21:04,2021-05-31T21:26:28,026,Kamppi (M),005,Sepänkatu,1454,323
2021-05-31T21:20:56,2021-05-31T21:24:36,039,Ooppera,073,Kesäkatu,948,219
2021-05-31T21:20:46,2021-05-31T21:40:40,260,Herttoniemi (M),139,Muotoilijankatu,6015,1191
2021-05-31T21:20:45,2021-05-31T21:39:04,033,Kauppakorkeakoulu,086,Kuusitie,3830,1094
2021-05-31T21:20:33,2021-05-31T21:42:58,031,Marian sairaala,031,Marian sairaala,1263,1340
2021-05-31T21:20:27,2021-05-31T21:25:31,010,Kasarmitori,067,Perämiehenkatu,1031,286
2021-05-31T21:20:08,2021-05-31T21:28:18,547,Jämeräntaival,547,Jämeräntaival,1247,488
2021-05-31T21:19:50,2021-05-31T21:27:54,543,Otaranta,525,Mäntyviita,1958,480
2021-05-31T21:19:46,2021-05-31T21:23:03,513,Hakalehto,579,Niittymaa,941,192
2021-05-31T21:19:31,2021-05-31T21:28:03,149,Toinen linja,025,Narinkka,2140,507
2021-05-31T21:19:26,2021-05-31T21:39:32,259,Petter Wetterin tie,129,Pernajantie,4514,1202
2021-05-31T21:19:11,2021-05-31T21:29:07,001,Kaivopuisto,048,Mastokatu,2432,590
2021-05-31T21:19:08,2021-05-31T21:49:05,001,Kaivopuisto,201,Länsisatamankuja,2989,1791
2021-05-31T21:19:07,2021-05-31T21:25:45,745,Leppävaaran urheilupuisto,735,Mestarinkatu,1264,397
2021-05-31T21:19:06,2021-05-31T21:35:53,078,Messeniuksenkatu,068,Albertinkatu,3912,998
2021-05-31T21:19:00,2021-05-31T21:30:25,107,Tenholantie,111,Esterinportti,1948,681
2021-05-31T21:18:20,2021-05-31T21:20:35,162,Leppäsuonaukio,033,Kauppakorkeakoulu,238,130
2021-05-31T21:17:59,2021-05-31T21:43:27,138,Arabiankatu,075,Korjaamo,4512,1525
2021-05-31T21:17:57,2021-05-31T21:29:17,018,Porthania,013,Merisotilaantori,1660,671
2021-05-31T21:17:49,2021-05-31T21:22:41,639,Itäportti,641,Komeetankatu,1039,286
2021-05-31T21:17:41,2021-05-31T21:39:52,543,Otaranta,058,Lauttasaarensilta,5303,1326
2021-05-31T21:17:28,2021-05-31T21:37:00,373,Mikkolantie,225,Maunula,2517,1168
2021-05-31T21:17:20,2021-05-31T21:36:52,265,Siilitie 9,244,Relanderinaukio,4273,1166
2021-05-31T21:17:13,2021-05-31T21:27:32,115,Venttiilikuja,036,Apollonkatu,3203,614
2021-05-31T21:17:08,2021-05-31T21:29:14,137,Arabian kauppakeskus,115,Venttiilikuja,2419,721
2021-05-31T21:17:05,2021-05-31T21:20:10,149,Toinen linja,041,Ympyrätalo,355,180
2021-05-31T21:16:53,2021-05-31T21:20:09,541,"Aalto-yliopisto (M), Korkeakouluaukio",547,Jämeräntaival,699,196
2021-05-31T21:16:23,2021-05-31T21:26:16,150,Töölönlahden puisto,110,Maistraatintori,3129,596
2021-05-31T21:16:12,2021-05-31T21:31:51,242,Von Daehnin katu,267,Roihupelto,3493,939
2021-05-31T21:16:11,2021-05-31T21:21:09,051,Itälahdenkatu,054,Gyldenintie,1002,294
2021-05-31T21:15:45,2021-05-31T21:25:12,113,Pasilan asema,134,Haukilahdenkatu,2231,564
2021-05-31T21:15:41,2021-05-31T21:19:49,059,Salmisaarenranta,201,Länsisatamankuja,1168,243
2021-05-31T21:15:23,2021-05-31T21:23:56,135,Velodrominrinne,118,Fleminginkatu,1822,506
2021-05-31T21:15:20,2021-05-31T21:32:39,135,Velodrominrinne,134,Haukilahdenkatu,1799,1034
2021-05-31T21:14:51,2021-05-31T21:38:05,094,Laajalahden aukio,201,Länsisatamankuja,6446,1388
2021-05-31T21:14:50,2021-05-31T21:22:10,020,Kaisaniemenpuisto,004,Viiskulma,1470,437
2021-05-31T21:14:27,2021-05-31T21:22:48,086,Kuusitie,095,Munkkiniemen aukio,1553,496
2021-05-31T21:14:24,2021-05-31T21:21:49,625,Suomenlahdentie,587,Hauenkallio,1601,442
2021-05-31T21:14:20,2021-05-31T21:48:07,082,Töölöntulli,255,Laivalahden puistotie,7306,2021
2021-05-31T21:14:19,2021-05-31T21:19:52,085,Jalavatie,078,Messeniuksenkatu,916,323
2021-05-31T21:14:18,2021-05-31T21:19:37,366,Tilketori,364,Ala-Malmin tori,939,313
2021-05-31T21:14:16,2021-05-31T21:20:56,059,Salmisaarenranta,201,Länsisatamankuja,1182,394
2021-05-31T21:13:55,2021-05-31T21:28:56,009,Erottajan aukio,013,Merisotilaantori,2123,896
2021-05-31T21:13:51,2021-05-31T21:18:19,113,Pasilan asema,109,Hertanmäenkatu,1075,266
2021-05-31T21:13:46,2021-05-31T21:16:03,571,Tapiolan urheilupuisto,573,Urheilupuisto (M),694,133
2021-05-31T21:13:44,2021-05-31T21:20:40,366,Tilketori,364,Ala-Malmin tori,967,411
2021-05-31T21:13:10,2021-05-31T21:15:48,306,Kauppakeskus Columbus,304,Aurinkolahdenaukio,633,154
2021-05-31T21:13:09,2021-05-31T21:25:08,064,Tyynenmerenkatu,006,Hietalahdentori,1145,333
2021-05-31T21:12:59,2021-05-31T21:20:55,005,Sepänkatu,026,Kamppi (M),1717,470
2021-05-31T21:12:28,2021-05-31T21:19:57,114,Ratapihantie,109,Hertanmäenkatu,1335,445
2021-05-31T21:12:14,2021-05-31T21:35:56,259,Petter Wetterin tie,118,Fleminginkatu,4892,1418
2021-05-31T21:12:11,2021-05-31T21:38:16,046,Diakoniapuisto,243,Mustikkamaa,4449,1560
2021-05-31T21:12:06,2021-05-31T21:25:23,125,Arielinkatu,041,Ympyrätalo,2360,792
2021-05-31T21:12:02,2021-05-31T21:20:46,038,Töölöntori,009,Erottajan aukio,1768,518
2021-05-31T21:11:56,2021-05-31T21:17:31,129,Pernajantie,115,Venttiilikuja,1210,330
2021-05-31T21:11:44,2021-05-31T21:21:28,246,Tupasaarentie,255,Laivalahden puistotie,1439,579
2021-05-31T21:11:33,2021-06-01T08:05:36,002,Laivasillankatu,014,Senaatintori,971,39238
2021-05-31T21:11:27,2021-05-31T21:16:57,002,Laivasillankatu,004,Viiskulma,978,325
2021-05-31T21:11:19,2021-05-31T21:25:44,074,Rajasaarentie,201,Länsisatamankuja,3713,864
2021-05-31T21:11:18,2021-05-31T21:23:12,002,Laivasillankatu,026,Kamppi (M),2092,710
2021-05-31T21:11:18,2021-05-31T21:15:27,731,Leppävaarankäytävä,747,Leppävaaran uimahalli,963,245
2021-05-31T21:11:13,2021-05-31T21:41:22,065,Hernesaarenranta,133,Paavalinpuisto,7796,1807
2021-05-31T21:11:08,2021-05-31T21:45:41,110,Maistraatintori,124,Isoisänsilta,6820,2068
2021-05-31T21:11:01,2021-05-31T21:25:19,002,Laivasillankatu,029,Baana,3024,853
2021-05-31T21:10:46,2021-05-31T21:28:34,059,Salmisaarenranta,074,Rajasaarentie,3824,1064
2021-05-31T21:10:40,2021-05-31T21:18:19,705,Laajalahden keskus,551,Tietäjä,1927,455
2021-05-31T21:10:33,2021-05-31T21:18:40,243,Mustikkamaa,244,Relanderinaukio,1106,482
2021-05-31T21:10:31,2021-05-31T21:43:12,094,Laajalahden aukio,705,Laajalahden keskus,4695,1961
2021-05-31T21:10:15,2021-05-31T21:31:04,126,Kalasatama (M),044,Sörnäinen (M),1072,1244
2021-05-31T21:10:15,2021-05-31T21:31:27,067,Perämiehenkatu,201,Länsisatamankuja,1821,1267
2021-05-31T21:10:14,2021-05-31T21:15:24,126,Kalasatama (M),134,Haukilahdenkatu,1427,306
2021-05-31T21:10:11,2021-05-31T21:24:38,065,Hernesaarenranta,033,Kauppakorkeakoulu,2772,865
2021-05-31T21:10:04,2021-05-31T21:24:42,065,Hernesaarenranta,033,Kauppakorkeakoulu,2670,873
2021-05-31T21:09:53,2021-05-31T21:33:35,065,Hernesaarenranta,042,Haapaniemenkatu,6055,1422
2021-05-31T21:09:50,2021-05-31T21:18:52,251,Laajasalon ostoskeskus,259,Petter Wetterin tie,2058,537
2021-05-31T21:09:36,2021-05-31T21:37:37,094,Laajalahden aukio,094,Laajalahden aukio,888,1676
2021-05-31T21:09:32,2021-05-31T21:20:43,259,Petter Wetterin tie,125,Arielinkatu,3189,667
2021-05-31T21:09:27,2021-06-01T09:12:46,125,Arielinkatu,125,Arielinkatu,4,43393
2021-05-31T21:09:20,2021-05-31T21:25:28,125,Arielinkatu,041,Ympyrätalo,2423,963
2021-05-31T21:09:15,2021-05-31T21:33:48,226,Lepolantie,045,Brahen kenttä,6706,1472
2021-05-31T21:09:09,2021-05-31T21:18:58,121,Vilhonvuorenkatu,244,Relanderinaukio,2133,583
2021-05-31T21:09:09,2021-05-31T21:36:27,094,Laajalahden aukio,094,Laajalahden aukio,1439,1637
2021-05-31T21:08:53,2021-05-31T21:36:51,094,Laajalahden aukio,094,Laajalahden aukio,944,1678
2021-05-31T21:08:47,2021-05-31T21:13:12,118,Fleminginkatu,116,Linnanmäki,841,260
2021-05-31T21:08:12,2021-05-31T21:34:12,044,Sörnäinen (M),039,Ooppera,2232,533
2021-05-31T21:08:11,2021-05-31T21:18:18,049,Annankatu,062,Välimerenkatu,1862,603
2021-05-31T21:08:02,2021-05-31T21:43:34,543,Otaranta,541,"Aalto-yliopisto (M), Korkeakouluaukio",705,2132
2021-05-31T21:07:55,2021-05-31T21:25:20,239,Viikin tiedepuisto,239,Viikin tiedepuisto,1211,1044
2021-05-31T21:07:52,2021-05-31T21:13:49,727,Ratsutori,711,Kirjurinkuja,1035,353
2021-05-31T21:07:46,2021-05-31T21:18:44,139,Muotoilijankatu,126,Kalasatama (M),2932,653
2021-05-31T21:07:42,2021-05-31T21:18:26,613,Matinkyläntie,637,Ruomelantie,2304,643
2021-05-31T21:07:38,2021-05-31T21:16:57,731,Leppävaarankäytävä,753,Linnuntie,1676,554
2021-05-31T21:07:27,2021-05-31T21:22:39,723,Säterinniitty,723,Säterinniitty,3410,911
2021-05-31T21:07:25,2021-05-31T21:12:56,059,Salmisaarenranta,057,Lauttasaaren ostoskeskus,1329,326
2021-05-31T21:07:20,2021-05-31T21:10:55,115,Venttiilikuja,131,Elimäenkatu,702,211
2021-05-31T21:07:17,2021-05-31T21:14:32,023,Kiasma,025,Narinkka,412,433
2021-05-31T21:06:59,2021-05-31T21:11:40,044,Sörnäinen (M),117,Brahen puistikko,998,277
2021-05-31T21:06:44,2021-05-31T21:33:59,218,Pohjois-Haagan asema,212,Tunnelitie,12505,1630
2021-05-31T21:06:37,2021-05-31T21:33:59,218,Pohjois-Haagan asema,212,Tunnelitie,3175,1637
2021-05-31T21:06:27,2021-05-31T21:18:38,085,Jalavatie,116,Linnanmäki,2158,726
2021-05-31T21:06:02,2021-05-31T21:23:27,543,Otaranta,095,Munkkiniemen aukio,4224,1041
2021-05-31T21:06:01,2021-05-31T21:16:21,050,Melkonkuja,030,Itämerentori,3048,615
2021-05-31T21:06:00,2021-05-31T21:25:18,087,Kustaankatu,003,Kapteeninpuistikko,4821,1153
2021-05-31T21:06:00,2021-05-31T21:15:11,028,Lastenlehto,030,Itämerentori,1029,336
2021-05-31T21:05:26,2021-05-31T21:12:58,121,Vilhonvuorenkatu,016,Liisanpuistikko,1719,448
2021-05-31T21:05:14,2021-05-31T21:09:49,727,Ratsutori,711,Kirjurinkuja,969,272
2021-05-31T21:05:12,2021-05-31T21:12:28,009,Erottajan aukio,032,Eläinmuseo,920,433
2021-05-31T21:05:07,2021-05-31T21:15:13,041,Ympyrätalo,010,Kasarmitori,1764,601
2021-05-31T21:05:03,2021-05-31T21:08:51,126,Kalasatama (M),121,Vilhonvuorenkatu,655,233
2021-05-31T21:05:01,2021-05-31T21:14:03,549,Maarinranta,547,Jämeräntaival,1727,539
2021-05-31T21:04:57,2021-05-31T21:12:58,012,Kanavaranta,123,Näkinsilta,1490,475
2021-05-31T21:04:55,2021-05-31T21:11:14,055,Puistokaari,052,Heikkilänaukio,1436,379
2021-05-31T21:04:53,2021-05-31T21:26:45,521,Kulttuuriaukio,581,Niittykumpu (M),2536,1307
2021-05-31T21:04:52,2021-05-31T21:08:21,900,Orionintie,573,Urheilupuisto (M),855,205
2021-05-31T21:04:50,2021-05-31T21:27:16,126,Kalasatama (M),129,Pernajantie,1448,1277
2021-05-31T21:04:24,2021-05-31T21:11:46,009,Erottajan aukio,032,Eläinmuseo,927,437
2021-05-31T21:04:19,2021-05-31T21:09:11,625,Suomenlahdentie,901,Outotec,584,286
2021-05-31T21:04:17,2021-05-31T21:23:25,243,Mustikkamaa,260,Herttoniemi (M),3141,1108
2021-05-31T21:04:14,2021-05-31T21:21:56,036,Apollonkatu,058,Lauttasaarensilta,3279,1057
2021-05-31T21:04:00,2021-05-31T21:16:23,061,Länsisatamankatu,028,Lastenlehto,1931,738
2021-05-31T21:03:59,2021-05-31T21:10:27,039,Ooppera,045,Brahen kenttä,1482,383
2021-05-31T21:03:49,2021-05-31T21:13:18,221,Thalianaukio,104,Kriikunakuja,2677,569
2021-05-31T21:03:38,2021-05-31T21:08:55,265,Siilitie 9,263,Herttoniemen kirkko,1394,312
2021-05-31T21:03:14,2021-05-31T21:08:32,121,Vilhonvuorenkatu,124,Isoisänsilta,1142,316
2021-05-31T21:03:13,2021-05-31T21:11:48,213,Huopalahden asema,209,Takomotie,1952,511
2021-05-31T21:03:07,2021-05-31T21:16:39,070,Sammonpuistikko,072,Eteläinen Hesperiankatu,1082,811
2021-05-31T21:03:05,2021-05-31T21:18:50,057,Lauttasaaren ostoskeskus,503,Keilalahti,4137,944
2021-05-31T21:03:02,2021-05-31T21:13:34,020,Kaisaniemenpuisto,117,Brahen puistikko,2037,628
2021-05-31T21:03:00,2021-05-31T21:15:22,629,Piispanportti,581,Niittykumpu (M),1817,741
2021-05-31T21:02:52,2021-05-31T21:10:28,258,Abraham Wetterin tie,270,Tulisuontie,1623,452
2021-05-31T21:02:40,2021-05-31T21:14:08,020,Kaisaniemenpuisto,067,Perämiehenkatu,2095,685
2021-05-31T21:02:37,2021-05-31T21:13:33,020,Kaisaniemenpuisto,117,Brahen puistikko,2027,651
2021-05-31T21:02:35,2021-05-31T21:11:52,020,Kaisaniemenpuisto,049,Annankatu,1431,553
2021-05-31T21:02:32,2021-05-31T21:29:35,244,Relanderinaukio,124,Isoisänsilta,1894,1619
2021-05-31T21:02:30,2021-05-31T21:09:37,243,Mustikkamaa,126,Kalasatama (M),1513,423
2021-05-31T21:02:22,2021-05-31T21:15:35,629,Piispanportti,581,Niittykumpu (M),1786,789
2021-05-31T21:02:21,2021-05-31T21:08:37,133,Paavalinpuisto,115,Venttiilikuja,1523,371
2021-05-31T21:01:58,2021-05-31T21:08:14,040,Hakaniemi (M),012,Kanavaranta,1876,374
2021-05-31T21:01:55,2021-05-31T21:10:49,631,Friisilänaukio,627,Piispansilta,1439,527
2021-05-31T21:01:40,2021-05-31T21:15:22,016,Liisanpuistikko,005,Sepänkatu,3032,818
2021-05-31T21:01:21,2021-05-31T21:06:29,282,Karhulantie,280,Puotilan ostoskeskus,980,303
2021-05-31T21:01:13,2021-05-31T21:07:14,129,Pernajantie,136,Sofianlehdonkatu,1560,357
2021-05-31T21:01:08,2021-05-31T21:15:31,005,Sepänkatu,061,Länsisatamankatu,2088,859
2021-05-31T21:00:49,2021-05-31T21:18:52,020,Kaisaniemenpuisto,109,Hertanmäenkatu,4247,1079
2021-05-31T21:00:47,2021-05-31T21:10:01,124,Isoisänsilta,244,Relanderinaukio,1633,549
2021-05-31T21:00:41,2021-05-31T21:08:13,123,Näkinsilta,016,Liisanpuistikko,814,454
2021-05-31T21:00:30,2021-05-31T21:14:45,725,Rummunlyöjänkatu,711,Kirjurinkuja,2052,852
2021-05-31T21:00:26,2021-05-31T21:07:58,547,Jämeräntaival,533,Tekniikantie,1764,450
2021-05-31T21:00:23,2021-05-31T21:05:57,277,Marjaniemi,275,Itäkeskus (M),1204,333
2021-05-31T21:00:06,2021-05-31T21:10:45,043,Karhupuisto,078,Messeniuksenkatu,2544,636
2021-05-31T21:00:05,2021-05-31T21:06:38,149,Toinen linja,037,Töölönkatu,1843,388
2021-05-31T20:59:45,2021-05-31T21:12:40,005,Sepänkatu,005,Sepänkatu,2238,773
2021-05-31T20:59:44,2021-05-31T21:13:58,103,Vihdintie,080,Jäähalli,3263,850
2021-05-31T20:59:42,2021-05-31T21:03:59,243,Mustikkamaa,244,Relanderinaukio,914,252
2021-05-31T20:59:35,2021-05-31T21:05:18,032,Eläinmuseo,020,Kaisaniemenpuisto,1025,338
2021-05-31T20:59:31,2021-05-31T21:11:36,030,Itämerentori,077,Nordenskiöldinaukio,2876,721
2021-05-31T20:59:30,2021-05-31T21:27:38,019,Rautatientori / itä,064,Tyynenmerenkatu,2621,1684
2021-05-31T20:59:28,2021-05-31T21:08:12,114,Ratapihantie,044,Sörnäinen (M),1883,487
2021-05-31T20:59:26,2021-05-31T21:06:37,731,Leppävaarankäytävä,711,Kirjurinkuja,1076,426
2021-05-31T20:58:59,2021-05-31T21:24:53,114,Ratapihantie,044,Sörnäinen (M),1884,621
2021-05-31T20:58:49,2021-05-31T21:09:18,009,Erottajan aukio,063,Jätkäsaarenlaituri,1513,624
2021-05-31T20:58:43,2021-05-31T21:05:11,509,Revontulentie,573,Urheilupuisto (M),1492,384
2021-05-31T20:58:36,2021-05-31T21:27:40,059,Salmisaarenranta,515,Oravannahkatori,7459,1739
2021-05-31T20:58:35,2021-05-31T21:08:07,611,Matinkartanontie,607,Nuottaniementie,1598,569
2021-05-31T20:58:31,2021-05-31T21:05:00,109,Hertanmäenkatu,113,Pasilan asema,1119,387
2021-05-31T20:58:27,2021-05-31T21:24:55,126,Kalasatama (M),237,Aulangontie,6765,1586
2021-05-31T20:58:26,2021-05-31T21:05:14,109,Hertanmäenkatu,113,Pasilan asema,1047,402
2021-05-31T20:58:21,2021-05-31T21:25:05,126,Kalasatama (M),237,Aulangontie,6456,1599
2021-05-31T20:58:13,2021-05-31T21:13:05,096,Huopalahdentie,072,Eteläinen Hesperiankatu,3469,897
2021-05-31T20:58:11,2021-05-31T21:12:16,002,Laivasillankatu,026,Kamppi (M),2387,843
2021-05-31T20:58:11,2021-05-31T21:10:30,001,Kaivopuisto,069,Kalevankatu,2272,734
2021-05-31T20:58:01,2021-05-31T21:09:38,126,Kalasatama (M),137,Arabian kauppakeskus,2039,693
2021-05-31T20:58:01,2021-05-31T21:12:19,056,Luoteisväylä,547,Jämeräntaival,4568,858
2021-05-31T20:57:59,2021-05-31T21:13:46,117,Brahen puistikko,148,Juhana Herttuan tie,3616,943
2021-05-31T20:57:51,2021-05-31T20:58:20,509,Revontulentie,509,Revontulentie,0,24
2021-05-31T20:57:46,2021-05-31T21:09:34,009,Erottajan aukio,063,Jätkäsaarenlaituri,1521,704
2021-05-31T20:57:42,2021-05-31T21:10:48,745,Leppävaaran urheilupuisto,725,Rummunlyöjänkatu,1451,782
2021-05-31T20:57:36,2021-05-31T21:11:33,246,Tupasaarentie,259,Petter Wetterin tie,1976,833
2021-05-31T20:57:29,2021-05-31T20:57:46,096,Huopalahdentie,096,Huopalahdentie,0,11
2021-05-31T20:57:25,2021-05-31T21:01:32,077,Nordenskiöldinaukio,082,Töölöntulli,932,246
2021-05-31T20:57:17,2021-05-31T21:02:26,122,Lintulahdenkatu,126,Kalasatama (M),1128,307
2021-05-31T20:56:59,2021-05-31T21:00:52,305,Kalkkihiekantie,306,Kauppakeskus Columbus,610,228
2021-05-31T20:56:56,2021-05-31T21:15:26,126,Kalasatama (M),141,Intiankatu,2570,1106
2021-05-31T20:56:55,2021-05-31T21:05:59,031,Marian sairaala,027,Eerikinkatu,1123,540
2021-05-31T20:56:50,2021-05-31T21:19:53,006,Hietalahdentori,013,Merisotilaantori,3128,1378
2021-05-31T20:56:50,2021-05-31T21:13:01,120,Mäkelänkatu,038,Töölöntori,2711,968
2021-05-31T20:56:33,2021-05-31T21:01:00,597,Linnakepolku,585,Haukilahdenaukio,951,262
2021-05-31T20:56:23,2021-05-31T21:02:04,003,Kapteeninpuistikko,067,Perämiehenkatu,788,335
2021-05-31T20:56:20,2021-05-31T21:21:24,056,Luoteisväylä,071,Hietaniemenkatu,4768,1499
2021-05-31T20:56:19,2021-05-31T21:02:55,059,Salmisaarenranta,052,Heikkilänaukio,2073,394
2021-05-31T20:56:15,2021-05-31T21:07:32,006,Hietalahdentori,013,Merisotilaantori,2934,675
2021-05-31T20:56:14,2021-05-31T20:59:03,145,Pohjolankatu,146,Pohjolanaukio,750,168
2021-05-31T20:55:42,2021-05-31T20:55:53,145,Pohjolankatu,145,Pohjolankatu,0,10
2021-05-31T20:55:41,2021-05-31T21:06:44,149,Toinen linja,015,Ritarikatu,1698,657
2021-05-31T20:55:39,2021-05-31T21:11:28,089,Tilkanvierto,085,Jalavatie,2962,944
2021-05-31T20:55:32,2021-05-31T20:58:24,275,Itäkeskus (M),272,Marjaniementie,648,171
2021-05-31T20:55:23,2021-05-31T21:14:49,118,Fleminginkatu,213,Huopalahden asema,4983,1161
2021-05-31T20:55:21,2021-05-31T20:58:44,067,Perämiehenkatu,065,Hernesaarenranta,925,202
2021-05-31T20:55:12,2021-05-31T21:02:30,098,Ulvilantie,090,Paciuksenkaari,1723,434
2021-05-31T20:54:46,2021-05-31T21:08:30,016,Liisanpuistikko,019,Rautatientori / itä,2519,819
2021-05-31T20:54:19,2021-05-31T21:07:04,029,Baana,087,Kustaankatu,4159,762
2021-05-31T20:54:15,2021-05-31T21:20:43,125,Arielinkatu,028,Lastenlehto,4835,1586
2021-05-31T20:54:10,2021-05-31T20:54:21,118,Fleminginkatu,118,Fleminginkatu,0,13
2021-05-31T20:53:59,2021-05-31T21:17:23,012,Kanavaranta,041,Ympyrätalo,2248,1401
2021-05-31T20:53:58,2021-05-31T21:16:40,286,Mamsellimyllynkatu,373,Mikkolantie,6444,1357
2021-05-31T20:53:51,2021-05-31T20:58:25,089,Tilkanvierto,083,Meilahden sairaala,1149,270
2021-05-31T20:53:45,2021-05-31T21:19:10,078,Messeniuksenkatu,048,Mastokatu,4514,1520
2021-05-31T20:53:44,2021-05-31T21:00:17,126,Kalasatama (M),087,Kustaankatu,1243,381
2021-05-31T20:53:10,2021-05-31T21:00:55,045,Brahen kenttä,035,Cygnaeuksenkatu,2365,464
2021-05-31T20:53:00,2021-05-31T21:02:18,271,Prinsessantie,259,Petter Wetterin tie,2732,553
2021-05-31T20:52:46,2021-05-31T20:58:38,121,Vilhonvuorenkatu,118,Fleminginkatu,1051,348
2021-05-31T20:52:36,2021-05-31T21:03:07,019,Rautatientori / itä,048,Mastokatu,1980,627
2021-05-31T20:52:31,2021-05-31T21:13:37,045,Brahen kenttä,085,Jalavatie,3139,1265
2021-05-31T20:52:28,2021-05-31T21:02:38,150,Töölönlahden puisto,005,Sepänkatu,2969,609
2021-05-31T20:51:28,2021-05-31T20:57:13,122,Lintulahdenkatu,126,Kalasatama (M),1067,340
2021-05-31T20:51:21,2021-05-31T20:58:29,038,Töölöntori,046,Diakoniapuisto,1560,424
2021-05-31T20:51:13,2021-05-31T20:56:36,126,Kalasatama (M),122,Lintulahdenkatu,1118,316
2021-05-31T20:51:13,2021-05-31T21:05:01,146,Pohjolanaukio,226,Lepolantie,3142,822
2021-05-31T20:51:07,2021-05-31T21:12:03,246,Tupasaarentie,119,Gebhardinaukio,4188,1255
2021-05-31T20:50:48,2021-05-31T21:11:47,062,Välimerenkatu,096,Huopalahdentie,6293,1243
2021-05-31T20:50:43,2021-05-31T21:01:09,269,Peukaloisentie,255,Laivalahden puistotie,2407,620
2021-05-31T20:50:26,2021-05-31T21:11:40,122,Lintulahdenkatu,064,Tyynenmerenkatu,4741,1270
2021-05-31T20:50:22,2021-05-31T21:10:59,247,Haakoninlahdenkatu,259,Petter Wetterin tie,4641,1237
2021-05-31T20:50:15,2021-05-31T20:53:49,089,Tilkanvierto,107,Tenholantie,835,214
2021-05-31T20:50:12,2021-05-31T20:58:14,082,Töölöntulli,107,Tenholantie,1582,382
2021-05-31T20:50:06,2021-05-31T21:18:56,221,Thalianaukio,531,Keilaranta,7712,1730
2021-05-31T20:50:05,2021-05-31T21:13:54,012,Kanavaranta,259,Petter Wetterin tie,6279,1424
2021-05-31T20:50:02,2021-05-31T21:11:21,149,Toinen linja,057,Lauttasaaren ostoskeskus,5467,1277
2021-05-31T20:50:02,2021-05-31T20:58:19,033,Kauppakorkeakoulu,038,Töölöntori,1057,491
2021-05-31T20:49:58,2021-05-31T21:02:00,276,Puotinharju,327,Humikkalankuja,2387,718
2021-05-31T20:49:36,2021-05-31T21:08:58,066,Ehrenströmintie,127,Teurastamo,4996,1157
2021-05-31T20:49:36,2021-05-31T21:01:19,078,Messeniuksenkatu,129,Pernajantie,2623,698
2021-05-31T20:49:36,2021-05-31T20:54:18,519,Tapionaukio,527,Otsolahti,802,278
2021-05-31T20:49:20,2021-05-31T20:59:19,518,Tuulimäki,543,Otaranta,2615,594
2021-05-31T20:49:18,2021-05-31T20:51:50,125,Arielinkatu,404,Sompasaari,416,151
2021-05-31T20:49:16,2021-05-31T21:05:14,627,Piispansilta,597,Linnakepolku,3301,954
2021-05-31T20:49:15,2021-05-31T20:49:32,089,Tilkanvierto,089,Tilkanvierto,0,16
2021-05-31T20:49:13,2021-05-31T20:52:10,125,Arielinkatu,404,Sompasaari,418,177
2021-05-31T20:49:11,2021-05-31T20:54:22,131,Elimäenkatu,046,Diakoniapuisto,1256,311
2021-05-31T20:49:07,2021-05-31T21:01:25,240,Viikin normaalikoulu,236,Hernepellontie,3092,737
2021-05-31T20:49:04,2021-05-31T20:54:45,054,Gyldenintie,050,Melkonkuja,1394,337
2021-05-31T20:49:00,2021-05-31T21:05:09,221,Thalianaukio,226,Lepolantie,2879,964
2021-05-31T20:48:57,2021-05-31T20:54:50,233,Kirkkoherrantie,144,Käpyläntie,1572,349
2021-05-31T20:48:51,2021-05-31T20:59:15,243,Mustikkamaa,202,Merihaka,2101,618
2021-05-31T20:48:49,2021-05-31T21:03:26,110,Maistraatintori,224,Vesakkotie,3285,872
2021-05-31T20:48:40,2021-05-31T20:56:23,239,Viikin tiedepuisto,241,Agronominkatu,1547,459
2021-05-31T20:48:31,2021-05-31T20:59:19,030,Itämerentori,001,Kaivopuisto,2767,650
2021-05-31T20:48:26,2021-05-31T21:00:26,122,Lintulahdenkatu,037,Töölönkatu,2795,715
2021-05-31T20:48:19,2021-05-31T20:53:42,030,Itämerentori,201,Länsisatamankuja,1196,321
2021-05-31T20:48:14,2021-05-31T20:51:39,325,Mellunmäki (M),323,Sallatunturintie,590,203
2021-05-31T20:48:11,2021-05-31T21:13:19,103,Vihdintie,103,Vihdintie,1997,1504
2021-05-31T20:48:09,2021-05-31T20:53:04,076,Olympiastadion,037,Töölönkatu,894,287
2021-05-31T20:47:53,2021-05-31T20:56:36,553,Metsänneidonpolku,523,Ahertajantie,1517,519
2021-05-31T20:47:51,2021-05-31T20:53:44,532,Betonimies,543,Otaranta,791,351
2021-05-31T20:47:35,2021-05-31T20:57:06,118,Fleminginkatu,112,Rautatieläisenkatu,1729,566
2021-05-31T20:47:31,2021-05-31T20:58:22,134,Haukilahdenkatu,140,Verkatehtaanpuisto,2202,650
2021-05-31T20:47:27,2021-05-31T20:50:01,635,Kuunkatu,637,Ruomelantie,345,153
2021-05-31T20:47:24,2021-05-31T20:50:43,547,Jämeräntaival,541,"Aalto-yliopisto (M), Korkeakouluaukio",714,197
2021-05-31T20:47:22,2021-05-31T21:01:03,095,Munkkiniemen aukio,075,Korjaamo,2679,817
2021-05-31T20:47:21,2021-05-31T20:50:24,573,Urheilupuisto (M),579,Niittymaa,512,178
2021-05-31T20:47:19,2021-05-31T20:58:08,050,Melkonkuja,055,Puistokaari,2231,644
2021-05-31T20:47:12,2021-05-31T21:05:56,045,Brahen kenttä,004,Viiskulma,4149,1118
2021-05-31T20:47:10,2021-05-31T20:51:57,019,Rautatientori / itä,040,Hakaniemi (M),1261,283
2021-05-31T20:47:01,2021-05-31T20:54:24,069,Kalevankatu,003,Kapteeninpuistikko,1194,439
2021-05-31T20:47:00,2021-05-31T20:58:44,028,Lastenlehto,057,Lauttasaaren ostoskeskus,2568,704
2021-05-31T20:46:43,2021-05-31T21:01:51,088,Kiskontie,032,Eläinmuseo,3791,903
2021-05-31T20:46:39,2021-05-31T21:04:22,066,Ehrenströmintie,001,Kaivopuisto,2491,1057
2021-05-31T20:46:37,2021-05-31T21:04:11,040,Hakaniemi (M),015,Ritarikatu,3604,1049
2021-05-31T20:46:32,2021-05-31T20:55:02,370,Rapakiventie,237,Aulangontie,1180,506
2021-05-31T20:46:28,2021-05-31T20:52:52,133,Paavalinpuisto,087,Kustaankatu,1402,379
2021-05-31T20:46:16,2021-05-31T21:03:57,066,Ehrenströmintie,001,Kaivopuisto,2593,1055
2021-05-31T20:46:14,2021-05-31T21:04:10,239,Viikin tiedepuisto,139,Muotoilijankatu,3193,1072
2021-05-31T20:46:05,2021-05-31T21:03:11,019,Rautatientori / itä,134,Haukilahdenkatu,4149,1022
2021-05-31T20:46:04,2021-05-31T21:03:41,066,Ehrenströmintie,001,Kaivopuisto,2462,1052
2021-05-31T20:46:03,2021-05-31T21:04:11,066,Ehrenströmintie,001,Kaivopuisto,2527,1082
2021-05-31T20:46:03,2021-05-31T20:51:13,625,Suomenlahdentie,609,Sepetlahdentie,1110,304
2021-05-31T20:45:56,2021-05-31T21:04:27,066,Ehrenströmintie,001,Kaivopuisto,2546,1106
2021-05-31T20:45:50,2021-05-31T20:50:05,306,Kauppakeskus Columbus,309,Kaivonkatsojanpuisto,665,235
2021-05-31T20:45:46,2021-05-31T20:56:55,222,Huovitie,095,Munkkiniemen aukio,3171,665
2021-05-31T20:45:25,2021-05-31T21:03:13,043,Karhupuisto,138,Arabiankatu,3352,1064
2021-05-31T20:45:22,2021-05-31T20:50:27,085,Jalavatie,106,Korppaanmäentie,1231,297
2021-05-31T20:45:21,2021-05-31T20:56:56,222,Huovitie,095,Munkkiniemen aukio,3220,691
2021-05-31T20:45:17,2021-05-31T20:55:30,137,Arabian kauppakeskus,128,Päijänteentie,1366,609
2021-05-31T20:45:12,2021-05-31T21:08:53,060,Kaapelitehdas,121,Vilhonvuorenkatu,5713,1417
2021-05-31T20:44:59,2021-05-31T20:47:58,713,Upseerinkatu,727,Ratsutori,571,174
2021-05-31T20:44:58,2021-05-31T21:00:13,078,Messeniuksenkatu,005,Sepänkatu,3955,911
2021-05-31T20:44:58,2021-05-31T20:51:41,727,Ratsutori,709,Yhdyskunnankuja,980,398
2021-05-31T20:44:44,2021-05-31T20:57:41,070,Sammonpuistikko,117,Brahen puistikko,2717,773
2021-05-31T20:44:41,2021-05-31T21:01:15,084,Paciuksenkatu,101,Munkkivuoren ostoskeskus,2844,991
2021-05-31T20:44:39,2021-05-31T20:49:40,128,Päijänteentie,126,Kalasatama (M),994,296
2021-05-31T20:44:35,2021-05-31T20:49:36,017,Varsapuistikko,010,Kasarmitori,1000,296
2021-05-31T20:44:31,2021-05-31T20:50:50,037,Töölönkatu,021,Töölönlahdenkatu,1172,386
2021-05-31T20:44:24,2021-05-31T20:48:41,026,Kamppi (M),009,Erottajan aukio,1041,251
2021-05-31T20:44:18,2021-05-31T20:49:59,059,Salmisaarenranta,201,Länsisatamankuja,1172,336
2021-05-31T20:44:12,2021-05-31T20:50:23,022,Rautatientori / länsi,038,Töölöntori,0,367
2021-05-31T20:44:11,2021-05-31T20:54:07,543,Otaranta,551,Tietäjä,2214,595
2021-05-31T20:44:02,2021-05-31T20:53:57,549,Maarinranta,547,Jämeräntaival,1894,591
2021-05-31T20:43:44,2021-05-31T20:48:35,248,Gunillantie,247,Haakoninlahdenkatu,827,286
2021-05-31T20:43:40,2021-05-31T21:14:23,012,Kanavaranta,069,Kalevankatu,1788,1839
2021-05-31T20:43:38,2021-05-31T20:48:38,284,Myllypuro (M),335,Kurkimäentie,1421,298
2021-05-31T20:43:19,2021-05-31T20:47:57,518,Tuulimäki,505,Westendinasema,775,275
2021-05-31T20:43:17,2021-05-31T20:58:05,025,Narinkka,116,Linnanmäki,3177,881
2021-05-31T20:43:15,2021-05-31T21:01:56,074,Rajasaarentie,015,Ritarikatu,3824,1120
2021-05-31T20:43:07,2021-05-31T20:57:54,114,Ratapihantie,041,Ympyrätalo,2832,883
2021-05-31T20:42:59,2021-05-31T20:52:10,341,Heikinlaakso,353,Helluntairaitti,2831,550
2021-05-31T20:42:48,2021-05-31T20:51:58,112,Rautatieläisenkatu,120,Mäkelänkatu,2397,544
2021-05-31T20:42:19,2021-05-31T20:49:56,125,Arielinkatu,244,Relanderinaukio,1607,452
2021-05-31T20:42:14,2021-05-31T21:00:49,062,Välimerenkatu,503,Keilalahti,5787,1111
2021-05-31T20:42:07,2021-05-31T20:50:31,115,Venttiilikuja,137,Arabian kauppakeskus,2417,502
2021-05-31T20:42:04,2021-05-31T20:49:54,125,Arielinkatu,244,Relanderinaukio,1672,468
2021-05-31T20:41:56,2021-05-31T21:08:56,541,"Aalto-yliopisto (M), Korkeakouluaukio",517,Länsituuli,2360,1614
2021-05-31T20:41:46,2021-05-31T20:44:59,527,Otsolahti,519,Tapionaukio,757,188
2021-05-31T20:41:45,2021-05-31T20:48:28,020,Kaisaniemenpuisto,042,Haapaniemenkatu,1694,401
2021-05-31T20:41:41,2021-05-31T20:57:54,275,Itäkeskus (M),252,Humalniementie,3761,969
2021-05-31T20:41:32,2021-05-31T21:00:17,078,Messeniuksenkatu,005,Sepänkatu,4231,1121
2021-05-31T20:41:28,2021-05-31T21:25:20,117,Brahen puistikko,133,Paavalinpuisto,1163,2626
2021-05-31T20:41:27,2021-05-31T20:46:21,625,Suomenlahdentie,611,Matinkartanontie,1031,290
2021-05-31T20:41:21,2021-05-31T21:01:40,091,Seurasaari,044,Sörnäinen (M),4772,1215
2021-05-31T20:41:18,2021-05-31T20:50:13,022,Rautatientori / länsi,013,Merisotilaantori,2231,531
2021-05-31T20:41:16,2021-05-31T20:47:33,121,Vilhonvuorenkatu,123,Näkinsilta,1065,373
2021-05-31T20:41:15,2021-05-31T21:25:29,263,Herttoniemen kirkko,263,Herttoniemen kirkko,1543,2650
2021-05-31T20:41:02,2021-05-31T20:49:09,117,Brahen puistikko,133,Paavalinpuisto,1176,482
2021-05-31T20:40:56,2021-05-31T20:47:48,026,Kamppi (M),005,Sepänkatu,1464,407
2021-05-31T20:40:49,2021-05-31T21:12:11,041,Ympyrätalo,133,Paavalinpuisto,3671,1878
2021-05-31T20:40:35,2021-05-31T20:43:22,022,Rautatientori / länsi,025,Narinkka,332,163
2021-05-31T20:40:29,2021-05-31T21:01:32,133,Paavalinpuisto,038,Töölöntori,3044,1258
2021-05-31T20:40:19,2021-05-31T20:51:17,232,Oulunkylän asema,144,Käpyläntie,2124,657
2021-05-31T20:40:18,2021-05-31T20:46:36,201,Länsisatamankuja,201,Länsisatamankuja,1054,368
2021-05-31T20:40:14,2021-05-31T20:48:27,022,Rautatientori / länsi,040,Hakaniemi (M),1394,488
2021-05-31T20:40:13,2021-05-31T20:45:09,581,Niittykumpu (M),645,Piispankallio,1125,295
2021-05-31T20:40:10,2021-05-31T20:45:50,731,Leppävaarankäytävä,711,Kirjurinkuja,1219,336
2021-05-31T20:40:08,2021-05-31T20:41:38,541,"Aalto-yliopisto (M), Korkeakouluaukio",541,"Aalto-yliopisto (M), Korkeakouluaukio",51,86
2021-05-31T20:40:01,2021-05-31T21:04:14,221,Thalianaukio,220,Ida Aalbergin tie,1472,1447
2021-05-31T20:40:01,2021-05-31T20:55:07,037,Töölönkatu,089,Tilkanvierto,2956,903
2021-05-31T20:40:00,2021-05-31T21:06:42,244,Relanderinaukio,243,Mustikkamaa,2434,1598
2021-05-31T20:39:58,2021-05-31T20:48:20,134,Haukilahdenkatu,125,Arielinkatu,1770,500
2021-05-31T20:39:58,2021-05-31T20:43:43,054,Gyldenintie,143,Kuikkarinne,475,220
2021-05-31T20:39:56,2021-05-31T20:50:40,006,Hietalahdentori,201,Länsisatamankuja,1457,639
2021-05-31T20:39:52,2021-05-31T20:48:47,643,Auringonkatu,611,Matinkartanontie,2454,533
2021-05-31T20:39:50,2021-05-31T20:43:53,137,Arabian kauppakeskus,138,Arabiankatu,882,239
2021-05-31T20:39:41,2021-05-31T20:44:48,115,Venttiilikuja,129,Pernajantie,1219,303
2021-05-31T20:39:40,2021-05-31T21:23:07,080,Jäähalli,220,Ida Aalbergin tie,0,2602
2021-05-31T20:39:40,2021-05-31T20:44:00,711,Kirjurinkuja,727,Ratsutori,937,255
2021-05-31T20:39:39,2021-05-31T20:45:08,201,Länsisatamankuja,029,Baana,1545,325
2021-05-31T20:39:35,2021-05-31T20:43:00,063,Jätkäsaarenlaituri,062,Välimerenkatu,475,203
2021-05-31T20:39:18,2021-05-31T20:43:34,573,Urheilupuisto (M),575,Tontunmäentie,610,251
2021-05-31T20:39:17,2021-05-31T20:43:22,244,Relanderinaukio,243,Mustikkamaa,918,241
2021-05-31T20:39:16,2021-05-31T20:53:42,035,Cygnaeuksenkatu,080,Jäähalli,2015,861
2021-05-31T20:39:07,2021-05-31T20:43:22,075,Korjaamo,078,Messeniuksenkatu,516,251
2021-05-31T20:39:03,2021-05-31T20:50:24,090,Paciuksenkaari,072,Eteläinen Hesperiankatu,2538,677
2021-05-31T20:38:51,2021-05-31T20:43:10,044,Sörnäinen (M),045,Brahen kenttä,619,184
2021-05-31T20:38:50,2021-05-31T20:57:06,122,Lintulahdenkatu,137,Arabian kauppakeskus,2954,1091
2021-05-31T20:38:46,2021-05-31T20:46:13,763,Kalkkipellonmäki,757,Painiitty,1984,445
2021-05-31T20:38:39,2021-05-31T20:40:54,263,Herttoniemen kirkko,263,Herttoniemen kirkko,14,131
2021-05-31T20:38:38,2021-05-31T20:44:12,263,Herttoniemen kirkko,260,Herttoniemi (M),637,332
2021-05-31T20:38:26,2021-05-31T20:47:49,125,Arielinkatu,123,Näkinsilta,1764,559
2021-05-31T20:38:21,2021-05-31T20:52:48,150,Töölönlahden puisto,203,Opastinsilta,3214,867
2021-05-31T20:38:16,2021-05-31T20:47:18,121,Vilhonvuorenkatu,135,Velodrominrinne,2221,541
2021-05-31T20:38:07,2021-05-31T20:45:13,134,Haukilahdenkatu,121,Vilhonvuorenkatu,1660,422
2021-05-31T20:37:49,2021-05-31T20:54:36,509,Revontulentie,509,Revontulentie,4402,1002
2021-05-31T20:37:48,2021-05-31T21:04:36,549,Maarinranta,549,Maarinranta,4996,1605
2021-05-31T20:37:41,2021-05-31T20:39:36,052,Heikkilänaukio,051,Itälahdenkatu,417,113
2021-05-31T20:37:39,2021-05-31T21:03:23,205,Ilmalan asema,017,Varsapuistikko,4917,1540
2021-05-31T20:37:38,2021-05-31T20:44:50,071,Hietaniemenkatu,037,Töölönkatu,1206,427
2021-05-31T20:37:36,2021-05-31T20:48:15,002,Laivasillankatu,041,Ympyrätalo,2274,634
2021-05-31T20:37:36,2021-05-31T20:40:20,541,"Aalto-yliopisto (M), Korkeakouluaukio",547,Jämeräntaival,677,159
2021-05-31T20:37:31,2021-05-31T21:08:11,030,Itämerentori,063,Jätkäsaarenlaituri,2244,1836
2021-05-31T20:37:26,2021-05-31T20:57:22,001,Kaivopuisto,053,Heikkiläntie,4516,1191
2021-05-31T20:37:16,2021-05-31T20:40:34,541,"Aalto-yliopisto (M), Korkeakouluaukio",547,Jämeräntaival,727,196
2021-05-31T20:37:11,2021-05-31T21:08:09,030,Itämerentori,063,Jätkäsaarenlaituri,2207,1854
2021-05-31T20:37:05,2021-05-31T20:51:02,150,Töölönlahden puisto,135,Velodrominrinne,4127,837
2021-05-31T20:36:57,2021-05-31T20:51:55,031,Marian sairaala,045,Brahen kenttä,3448,897
2021-05-31T20:36:25,2021-05-31T20:45:01,021,Töölönlahdenkatu,201,Länsisatamankuja,2674,516
2021-05-31T20:36:23,2021-05-31T20:45:41,116,Linnanmäki,126,Kalasatama (M),2438,553
2021-05-31T20:36:19,2021-05-31T20:49:14,356,Laulurastaantie,366,Tilketori,2080,624
2021-05-31T20:36:18,2021-05-31T20:42:21,241,Agronominkatu,239,Viikin tiedepuisto,1599,361
2021-05-31T20:36:13,2021-05-31T20:38:16,637,Ruomelantie,635,Kuunkatu,440,121
2021-05-31T20:36:12,2021-05-31T20:41:19,107,Tenholantie,089,Tilkanvierto,1019,307
2021-05-31T20:36:11,2021-05-31T20:53:35,117,Brahen puistikko,144,Käpyläntie,3446,1039
2021-05-31T20:36:01,2021-05-31T20:49:31,118,Fleminginkatu,086,Kuusitie,3428,806
2021-05-31T20:35:53,2021-05-31T21:05:00,126,Kalasatama (M),236,Hernepellontie,5221,1742
2021-05-31T20:35:45,2021-05-31T20:41:22,731,Leppävaarankäytävä,711,Kirjurinkuja,1116,331
2021-05-31T20:35:24,2021-05-31T20:39:01,547,Jämeräntaival,541,"Aalto-yliopisto (M), Korkeakouluaukio",882,213
2021-05-31T20:35:24,2021-05-31T20:55:39,033,Kauppakorkeakoulu,092,Saunalahdentie,4439,1210
2021-05-31T20:35:24,2021-05-31T20:35:59,107,Tenholantie,107,Tenholantie,40,33
2021-05-31T20:35:20,2021-05-31T20:41:54,002,Laivasillankatu,019,Rautatientori / itä,1609,389
2021-05-31T20:35:05,2021-05-31T20:45:04,132,Hollolantie,043,Karhupuisto,1678,595
2021-05-31T20:35:03,2021-05-31T21:02:37,245,Kulosaari (M),258,Abraham Wetterin tie,2311,1649
2021-05-31T20:34:56,2021-05-31T20:44:28,038,Töölöntori,069,Kalevankatu,1743,568
2021-05-31T20:34:49,2021-05-31T20:52:23,039,Ooppera,046,Diakoniapuisto,1553,1049
2021-05-31T20:34:44,2021-05-31T20:49:50,012,Kanavaranta,121,Vilhonvuorenkatu,2485,905
2021-05-31T20:34:40,2021-05-31T20:38:40,541,"Aalto-yliopisto (M), Korkeakouluaukio",547,Jämeräntaival,679,236
2021-05-31T20:34:38,2021-05-31T20:38:38,092,Saunalahdentie,094,Laajalahden aukio,767,236
2021-05-31T20:34:36,2021-05-31T20:42:52,084,Paciuksenkatu,078,Messeniuksenkatu,1568,492
2021-05-31T20:34:31,2021-05-31T20:42:27,209,Takomotie,101,Munkkivuoren ostoskeskus,1590,471
2021-05-31T20:34:22,2021-05-31T20:38:30,030,Itämerentori,029,Baana,624,231
2021-05-31T20:34:15,2021-05-31T20:35:15,731,Leppävaarankäytävä,731,Leppävaarankäytävä,2,56
2021-05-31T20:34:14,2021-05-31T20:42:56,607,Nuottaniementie,631,Friisilänaukio,2133,517
2021-05-31T20:34:11,2021-05-31T20:58:03,001,Kaivopuisto,126,Kalasatama (M),5793,1427
2021-05-31T20:33:57,2021-05-31T20:42:27,085,Jalavatie,211,Haagan tori,2232,508
2021-05-31T20:33:56,2021-05-31T20:36:32,404,Sompasaari,125,Arielinkatu,413,156
2021-05-31T20:33:53,2021-05-31T20:44:51,727,Ratsutori,705,Laajalahden keskus,2223,654
2021-05-31T20:33:53,2021-05-31T20:46:04,150,Töölönlahden puisto,114,Ratapihantie,2640,726
2021-05-31T20:33:50,2021-05-31T20:36:00,404,Sompasaari,125,Arielinkatu,418,129